#
# There is insufficient memory for the Java Runtime Environment to continue.
# Native memory allocation (malloc) failed to allocate 166336 bytes. Error detail: Chunk::new
# Possible reasons:
#   The system is out of physical RAM or swap space
#   This process is running with CompressedOops enabled, and the Java Heap may be blocking the growth of the native heap
# Possible solutions:
#   Reduce memory load on the system
#   Increase physical memory or swap space
#   Check if swap backing store is full
#   Decrease Java heap size (-Xmx/-Xms)
#   Decrease number of Java threads
#   Decrease Java thread stack sizes (-Xss)
#   Set larger code cache with -XX:ReservedCodeCacheSize=
#   JVM is running with Unscaled Compressed Oops mode in which the Java heap is
#     placed in the first 4GB address space. The Java Heap base address is the
#     maximum limit for the native heap growth. Please use -XX:HeapBaseMinAddress
#     to set the Java Heap base and to place the Java Heap above 4GB virtual address.
# This output file may be truncated or incomplete.
#
#  Out of Memory Error (arena.cpp:168), pid=17284, tid=24780
#
# JRE version: OpenJDK Runtime Environment (21.0.10) (build 21.0.10+-14961533-b1163.108)
# Java VM: OpenJDK 64-Bit Server VM (21.0.10+-14961533-b1163.108, mixed mode, tiered, compressed oops, compressed class ptrs, g1 gc, windows-amd64)
# No core dump will be written. Minidumps are not enabled by default on client versions of Windows
#

---------------  S U M M A R Y ------------

Command Line: --add-opens=java.base/java.lang=ALL-UNNAMED --add-opens=java.base/java.lang.invoke=ALL-UNNAMED --add-opens=java.base/java.util=ALL-UNNAMED --add-opens=java.prefs/java.util.prefs=ALL-UNNAMED --add-exports=jdk.compiler/com.sun.tools.javac.api=ALL-UNNAMED --add-exports=jdk.compiler/com.sun.tools.javac.util=ALL-UNNAMED --add-opens=java.base/java.util=ALL-UNNAMED --add-opens=java.prefs/java.util.prefs=ALL-UNNAMED --add-opens=java.base/java.nio.charset=ALL-UNNAMED --add-opens=java.base/java.net=ALL-UNNAMED --add-opens=java.base/java.util.concurrent=ALL-UNNAMED --add-opens=java.base/java.util.concurrent.atomic=ALL-UNNAMED --add-opens=java.xml/javax.xml.namespace=ALL-UNNAMED --add-opens=java.base/java.time=ALL-UNNAMED -Xmx2048m -Dfile.encoding=UTF-8 -Duser.country=FR -Duser.language=fr -Duser.variant -javaagent:C:\Users\HP\.gradle\wrapper\dists\gradle-9.3.1-bin\23ovyewtku6u96viwx3xl3oks\gradle-9.3.1\lib\agents\gradle-instrumentation-agent-9.3.1.jar org.gradle.launcher.daemon.bootstrap.GradleDaemon 9.3.1

Host: Intel(R) Core(TM) i5-8265U CPU @ 1.60GHz, 8 cores, 7G,  Windows 11 , 64 bit Build 26100 (10.0.26100.8246)
Time: Wed Apr 22 10:15:06 2026 elapsed time: 36.453968 seconds (0d 0h 0m 36s)

---------------  T H R E A D  ---------------

Current thread (0x000002927f471ac0):  JavaThread "C2 CompilerThread2" daemon [_thread_in_native, id=24780, stack(0x000000e1fef00000,0x000000e1ff000000) (1024K)]


Current CompileTask:
C2:36454 19197       4       com.android.tools.r8.internal.eg4$$Lambda/0x000000010149b408::call (16 bytes)

Stack: [0x000000e1fef00000,0x000000e1ff000000]
Native frames: (J=compiled Java code, j=interpreted, Vv=VM code, C=native code)
V  [jvm.dll+0x6d78a9]
V  [jvm.dll+0x8665b3]
V  [jvm.dll+0x868bde]
V  [jvm.dll+0x8692c3]
V  [jvm.dll+0x280ee6]
V  [jvm.dll+0xc07cd]
V  [jvm.dll+0xc0d03]
V  [jvm.dll+0x3ba0cb]
V  [jvm.dll+0x1dfafb]
V  [jvm.dll+0x249d24]
V  [jvm.dll+0x2491a1]
V  [jvm.dll+0x1c76e4]
V  [jvm.dll+0x25891e]
V  [jvm.dll+0x256e66]
V  [jvm.dll+0x3f513e]
V  [jvm.dll+0x80fd28]
V  [jvm.dll+0x6d60fd]
C  [ucrtbase.dll+0x37b0]
C  [KERNEL32.DLL+0x2e8d7]
C  [ntdll.dll+0x8c3fc]


---------------  P R O C E S S  ---------------

Threads class SMR info:
_java_thread_list=0x00000292058435a0, length=158, elements={
0x000002925c7ebab0, 0x000002927407baf0, 0x00000292740a73c0, 0x000002927409caf0,
0x00000292740b92e0, 0x00000292740b9d40, 0x00000292740bb310, 0x00000292740bc8e0,
0x00000292740bee80, 0x00000292740c05c0, 0x00000292743f0960, 0x000002927910beb0,
0x000002927a5c1a60, 0x000002927aa4ecd0, 0x000002927aba4100, 0x000002927aba6ef0,
0x000002927aba61d0, 0x000002927aba6860, 0x000002927aba4e20, 0x000002927aba54b0,
0x000002927aba5b40, 0x000002927aba4790, 0x000002927aba7580, 0x000002927ab666b0,
0x000002927ab68e10, 0x000002927ab680f0, 0x000002927ab694a0, 0x000002927ab66d40,
0x000002927ab68780, 0x000002927ab6a850, 0x000002927ab673d0, 0x000002927ab6aee0,
0x000002927ab67a60, 0x000002927ab6d640, 0x000002927ab6b570, 0x000002927ab6c290,
0x000002927ab6c920, 0x000002927ab6cfb0, 0x000002927bcd9ea0, 0x000002927bcdbf70,
0x000002927bcdb8e0, 0x000002927bcdc600, 0x000002927bcda530, 0x000002927bcd9810,
0x000002927bcdabc0, 0x000002927bcdb250, 0x000002927b796020, 0x000002927b797a60,
0x000002927b795990, 0x000002927b7966b0, 0x000002927b7980f0, 0x000002927b798780,
0x000002927b795300, 0x000002927b796d40, 0x000002927b7973d0, 0x000002927a1ba580,
0x000002927a1b7790, 0x000002927a1bac10, 0x000002927a1b91d0, 0x000002927a1b84b0,
0x000002927a1b9860, 0x000002927a1b9ef0, 0x000002927a1bb2a0, 0x000002927a1b7e20,
0x000002927a1bcce0, 0x000002927a1bd370, 0x000002927a1bda00, 0x000002927a1bbfc0,
0x000002927a1be090, 0x000002927a1bedb0, 0x000002927a1be720, 0x000002927a1bb930,
0x000002927d14f2e0, 0x000002927d152760, 0x000002927d1513b0, 0x000002927d151a40,
0x000002927d152df0, 0x000002927d1520d0, 0x000002927d150000, 0x000002927d150690,
0x000002927d150d20, 0x000002927d14f970, 0x000002927d155550, 0x000002927d156900,
0x000002927d155be0, 0x000002927d1541a0, 0x000002927d153480, 0x000002927d3d8dc0,
0x0000029200a2b740, 0x0000029200a2f250, 0x0000029200a2f8e0, 0x0000029200a2c460,
0x0000029200a2ff70, 0x0000029200a319b0, 0x0000029200a30c90, 0x0000029200a30600,
0x0000029200a31320, 0x000002927e038030, 0x000002927f471ac0, 0x000002927f7126c0,
0x000002927f713a70, 0x000002927f712030, 0x000002927f7119a0, 0x000002927f714100,
0x000002927f714790, 0x000002927f711310, 0x000002927f7105f0, 0x000002927f7133e0,
0x000002927f710c80, 0x000002927f7154b0, 0x000002927f715b40, 0x000002927f712d50,
0x000002927f716860, 0x000002927f717580, 0x000002927f716ef0, 0x000002927f717c10,
0x000002927d3dfd50, 0x0000029274a13260, 0x0000029274a11190, 0x0000029274a138f0,
0x0000029274a11eb0, 0x0000029274a12540, 0x0000029274a10b00, 0x0000029274a159c0,
0x0000029274a13f80, 0x0000029274a14610, 0x0000029274a12bd0, 0x0000029274a14ca0,
0x0000029274a11820, 0x0000029274a15330, 0x0000029274a16050, 0x0000029274a17400,
0x0000029274a166e0, 0x000002927a0fc9c0, 0x000002927a0fdd70, 0x000002927a0ff120,
0x000002927a0fe400, 0x000002927a0fd050, 0x000002927a0fd6e0, 0x000002927a0fea90,
0x000002927a106dd0, 0x000002927a107460, 0x000002927a107af0, 0x000002927a104670,
0x000002927a108180, 0x000002927a104d00, 0x000002927a109bc0, 0x000002927a0ff7b0,
0x000002927a10a8e0, 0x000002927d3df6c0, 0x000002927a1004d0, 0x000002927a101f10,
0x000002927a0ffe40, 0x000002927a1032c0, 0x000002927a101880, 0x000002927a103fe0,
0x000002927a103950, 0x000002927a100b60
}

Java Threads: ( => current thread )
  0x000002925c7ebab0 JavaThread "main"                              [_thread_blocked, id=3560, stack(0x000000e1f8700000,0x000000e1f8800000) (1024K)]
  0x000002927407baf0 JavaThread "Common-Cleaner"             daemon [_thread_blocked, id=10700, stack(0x000000e1f8f00000,0x000000e1f9000000) (1024K)]
  0x00000292740a73c0 JavaThread "Reference Handler"          daemon [_thread_blocked, id=18492, stack(0x000000e1f9000000,0x000000e1f9100000) (1024K)]
  0x000002927409caf0 JavaThread "Finalizer"                  daemon [_thread_blocked, id=14160, stack(0x000000e1f9100000,0x000000e1f9200000) (1024K)]
  0x00000292740b92e0 JavaThread "Signal Dispatcher"          daemon [_thread_blocked, id=20668, stack(0x000000e1f9200000,0x000000e1f9300000) (1024K)]
  0x00000292740b9d40 JavaThread "Attach Listener"            daemon [_thread_blocked, id=24240, stack(0x000000e1f9300000,0x000000e1f9400000) (1024K)]
  0x00000292740bb310 JavaThread "Service Thread"             daemon [_thread_blocked, id=16992, stack(0x000000e1f9400000,0x000000e1f9500000) (1024K)]
  0x00000292740bc8e0 JavaThread "Monitor Deflation Thread"   daemon [_thread_blocked, id=20564, stack(0x000000e1f9500000,0x000000e1f9600000) (1024K)]
  0x00000292740bee80 JavaThread "C2 CompilerThread0"         daemon [_thread_in_native, id=7392, stack(0x000000e1f9600000,0x000000e1f9700000) (1024K)]
  0x00000292740c05c0 JavaThread "C1 CompilerThread0"         daemon [_thread_in_vm, id=1296, stack(0x000000e1f9700000,0x000000e1f9800000) (1024K)]
  0x00000292743f0960 JavaThread "Notification Thread"        daemon [_thread_blocked, id=19240, stack(0x000000e1f9800000,0x000000e1f9900000) (1024K)]
  0x000002927910beb0 JavaThread "Daemon health stats"               [_thread_blocked, id=20420, stack(0x000000e1f9c00000,0x000000e1f9d00000) (1024K)]
  0x000002927a5c1a60 JavaThread "Incoming local TCP Connector on port 54715"        [_thread_in_native, id=22928, stack(0x000000e1f9f00000,0x000000e1fa000000) (1024K)]
  0x000002927aa4ecd0 JavaThread "Daemon periodic checks"            [_thread_blocked, id=16692, stack(0x000000e1fa000000,0x000000e1fa100000) (1024K)]
  0x000002927aba4100 JavaThread "Daemon"                            [_thread_blocked, id=2008, stack(0x000000e1fa400000,0x000000e1fa500000) (1024K)]
  0x000002927aba6ef0 JavaThread "Handler for socket connection from /127.0.0.1:54715 to /127.0.0.1:54716"        [_thread_in_native, id=13100, stack(0x000000e1fa500000,0x000000e1fa600000) (1024K)]
  0x000002927aba61d0 JavaThread "Cancel handler"                    [_thread_blocked, id=21956, stack(0x000000e1fa600000,0x000000e1fa700000) (1024K)]
  0x000002927aba6860 JavaThread "Daemon worker"                     [_thread_blocked, id=21672, stack(0x000000e1fa800000,0x000000e1fa900000) (1024K)]
  0x000002927aba4e20 JavaThread "Asynchronous log dispatcher for DefaultDaemonConnection: socket connection from /127.0.0.1:54715 to /127.0.0.1:54716"        [_thread_blocked, id=23576, stack(0x000000e1fa900000,0x000000e1faa00000) (1024K)]
  0x000002927aba54b0 JavaThread "Stdin handler"                     [_thread_blocked, id=23368, stack(0x000000e1faa00000,0x000000e1fab00000) (1024K)]
  0x000002927aba5b40 JavaThread "Daemon client event forwarder"        [_thread_blocked, id=17572, stack(0x000000e1fab00000,0x000000e1fac00000) (1024K)]
  0x000002927aba4790 JavaThread "Cache worker for journal cache (C:\Users\HP\.gradle\caches\journal-1)"        [_thread_blocked, id=22324, stack(0x000000e1fac00000,0x000000e1fad00000) (1024K)]
  0x000002927aba7580 JavaThread "File lock request listener"        [_thread_in_native, id=18776, stack(0x000000e1fad00000,0x000000e1fae00000) (1024K)]
  0x000002927ab666b0 JavaThread "Cache worker for file hash cache (C:\Users\HP\.gradle\caches\9.3.1\fileHashes)"        [_thread_blocked, id=4028, stack(0x000000e1fae00000,0x000000e1faf00000) (1024K)]
  0x000002927ab68e10 JavaThread "Cache worker for file hash cache (C:\Users\HP\AndroidStudioProjects\TP4_persist\.gradle\9.3.1\fileHashes)"        [_thread_blocked, id=13408, stack(0x000000e1faf00000,0x000000e1fb000000) (1024K)]
  0x000002927ab680f0 JavaThread "Cache worker for Build Output Cleanup Cache (C:\Users\HP\AndroidStudioProjects\TP4_persist\.gradle\buildOutputCleanup)"        [_thread_blocked, id=17600, stack(0x000000e1fb000000,0x000000e1fb100000) (1024K)]
  0x000002927ab694a0 JavaThread "File watcher server"        daemon [_thread_in_native, id=24732, stack(0x000000e1fb100000,0x000000e1fb200000) (1024K)]
  0x000002927ab66d40 JavaThread "File watcher consumer"      daemon [_thread_blocked, id=1876, stack(0x000000e1fb200000,0x000000e1fb300000) (1024K)]
  0x000002927ab68780 JavaThread "Cache worker for checksums cache (C:\Users\HP\AndroidStudioProjects\TP4_persist\.gradle\9.3.1\checksums)"        [_thread_blocked, id=21456, stack(0x000000e1fb300000,0x000000e1fb400000) (1024K)]
  0x000002927ab6a850 JavaThread "Cache worker for file content cache (C:\Users\HP\.gradle\caches\9.3.1\fileContent)"        [_thread_blocked, id=24300, stack(0x000000e1fb400000,0x000000e1fb500000) (1024K)]
  0x000002927ab673d0 JavaThread "Cache worker for cache directory md-supplier (C:\Users\HP\.gradle\caches\9.3.1\md-supplier)"        [_thread_blocked, id=16376, stack(0x000000e1fb500000,0x000000e1fb600000) (1024K)]
  0x000002927ab6aee0 JavaThread "Cache worker for cache directory md-rule (C:\Users\HP\.gradle\caches\9.3.1\md-rule)"        [_thread_blocked, id=24184, stack(0x000000e1fb600000,0x000000e1fb700000) (1024K)]
  0x000002927ab67a60 JavaThread "jar transforms"                    [_thread_blocked, id=24908, stack(0x000000e1fb700000,0x000000e1fb800000) (1024K)]
  0x000002927ab6d640 JavaThread "jar transforms Thread 2"           [_thread_blocked, id=20464, stack(0x000000e1fb800000,0x000000e1fb900000) (1024K)]
  0x000002927ab6b570 JavaThread "jar transforms Thread 3"           [_thread_blocked, id=4064, stack(0x000000e1fb900000,0x000000e1fba00000) (1024K)]
  0x000002927ab6c290 JavaThread "Unconstrained build operations"        [_thread_blocked, id=13072, stack(0x000000e1fba00000,0x000000e1fbb00000) (1024K)]
  0x000002927ab6c920 JavaThread "Unconstrained build operations Thread 2"        [_thread_blocked, id=21608, stack(0x000000e1fbb00000,0x000000e1fbc00000) (1024K)]
  0x000002927ab6cfb0 JavaThread "Unconstrained build operations Thread 3"        [_thread_blocked, id=23200, stack(0x000000e1fbc00000,0x000000e1fbd00000) (1024K)]
  0x000002927bcd9ea0 JavaThread "Unconstrained build operations Thread 4"        [_thread_blocked, id=21932, stack(0x000000e1fbd00000,0x000000e1fbe00000) (1024K)]
  0x000002927bcdbf70 JavaThread "Unconstrained build operations Thread 5"        [_thread_blocked, id=23868, stack(0x000000e1fbe00000,0x000000e1fbf00000) (1024K)]
  0x000002927bcdb8e0 JavaThread "Unconstrained build operations Thread 6"        [_thread_blocked, id=11960, stack(0x000000e1fbf00000,0x000000e1fc000000) (1024K)]
  0x000002927bcdc600 JavaThread "Unconstrained build operations Thread 7"        [_thread_blocked, id=24920, stack(0x000000e1fc000000,0x000000e1fc100000) (1024K)]
  0x000002927bcda530 JavaThread "Unconstrained build operations Thread 8"        [_thread_blocked, id=19108, stack(0x000000e1fc100000,0x000000e1fc200000) (1024K)]
  0x000002927bcd9810 JavaThread "Unconstrained build operations Thread 9"        [_thread_blocked, id=24308, stack(0x000000e1fc200000,0x000000e1fc300000) (1024K)]
  0x000002927bcdabc0 JavaThread "Unconstrained build operations Thread 10"        [_thread_blocked, id=23128, stack(0x000000e1fc300000,0x000000e1fc400000) (1024K)]
  0x000002927bcdb250 JavaThread "Unconstrained build operations Thread 11"        [_thread_blocked, id=14448, stack(0x000000e1fc400000,0x000000e1fc500000) (1024K)]
  0x000002927b796020 JavaThread "Unconstrained build operations Thread 12"        [_thread_blocked, id=19352, stack(0x000000e1fc500000,0x000000e1fc600000) (1024K)]
  0x000002927b797a60 JavaThread "Unconstrained build operations Thread 13"        [_thread_blocked, id=23208, stack(0x000000e1fc600000,0x000000e1fc700000) (1024K)]
  0x000002927b795990 JavaThread "Unconstrained build operations Thread 14"        [_thread_blocked, id=3108, stack(0x000000e1fc700000,0x000000e1fc800000) (1024K)]
  0x000002927b7966b0 JavaThread "jar transforms Thread 4"           [_thread_blocked, id=4988, stack(0x000000e1fc800000,0x000000e1fc900000) (1024K)]
  0x000002927b7980f0 JavaThread "jar transforms Thread 5"           [_thread_blocked, id=6912, stack(0x000000e1fc900000,0x000000e1fca00000) (1024K)]
  0x000002927b798780 JavaThread "Unconstrained build operations Thread 15"        [_thread_blocked, id=19056, stack(0x000000e1fca00000,0x000000e1fcb00000) (1024K)]
  0x000002927b795300 JavaThread "Unconstrained build operations Thread 16"        [_thread_blocked, id=14820, stack(0x000000e1fcb00000,0x000000e1fcc00000) (1024K)]
  0x000002927b796d40 JavaThread "Unconstrained build operations Thread 17"        [_thread_blocked, id=14840, stack(0x000000e1fcc00000,0x000000e1fcd00000) (1024K)]
  0x000002927b7973d0 JavaThread "Unconstrained build operations Thread 18"        [_thread_blocked, id=4936, stack(0x000000e1fcd00000,0x000000e1fce00000) (1024K)]
  0x000002927a1ba580 JavaThread "Unconstrained build operations Thread 19"        [_thread_blocked, id=22976, stack(0x000000e1fce00000,0x000000e1fcf00000) (1024K)]
  0x000002927a1b7790 JavaThread "Unconstrained build operations Thread 20"        [_thread_blocked, id=20884, stack(0x000000e1fcf00000,0x000000e1fd000000) (1024K)]
  0x000002927a1bac10 JavaThread "Unconstrained build operations Thread 21"        [_thread_blocked, id=3852, stack(0x000000e1fd000000,0x000000e1fd100000) (1024K)]
  0x000002927a1b91d0 JavaThread "jar transforms Thread 6"           [_thread_blocked, id=18124, stack(0x000000e1fd100000,0x000000e1fd200000) (1024K)]
  0x000002927a1b84b0 JavaThread "jar transforms Thread 7"           [_thread_blocked, id=22088, stack(0x000000e1fd200000,0x000000e1fd300000) (1024K)]
  0x000002927a1b9860 JavaThread "jar transforms Thread 8"           [_thread_blocked, id=20312, stack(0x000000e1fd300000,0x000000e1fd400000) (1024K)]
  0x000002927a1b9ef0 JavaThread "Unconstrained build operations Thread 22"        [_thread_blocked, id=14356, stack(0x000000e1fd400000,0x000000e1fd500000) (1024K)]
  0x000002927a1bb2a0 JavaThread "Unconstrained build operations Thread 23"        [_thread_blocked, id=2000, stack(0x000000e1fd500000,0x000000e1fd600000) (1024K)]
  0x000002927a1b7e20 JavaThread "Unconstrained build operations Thread 24"        [_thread_blocked, id=18744, stack(0x000000e1fd600000,0x000000e1fd700000) (1024K)]
  0x000002927a1bcce0 JavaThread "Unconstrained build operations Thread 25"        [_thread_blocked, id=9396, stack(0x000000e1fd700000,0x000000e1fd800000) (1024K)]
  0x000002927a1bd370 JavaThread "Unconstrained build operations Thread 26"        [_thread_in_Java, id=2884, stack(0x000000e1fd800000,0x000000e1fd900000) (1024K)]
  0x000002927a1bda00 JavaThread "Unconstrained build operations Thread 27"        [_thread_in_native, id=20796, stack(0x000000e1fd900000,0x000000e1fda00000) (1024K)]
  0x000002927a1bbfc0 JavaThread "Unconstrained build operations Thread 28"        [_thread_blocked, id=25228, stack(0x000000e1fda00000,0x000000e1fdb00000) (1024K)]
  0x000002927a1be090 JavaThread "Unconstrained build operations Thread 29"        [_thread_blocked, id=2072, stack(0x000000e1fdb00000,0x000000e1fdc00000) (1024K)]
  0x000002927a1bedb0 JavaThread "Unconstrained build operations Thread 30"        [_thread_blocked, id=17228, stack(0x000000e1fdc00000,0x000000e1fdd00000) (1024K)]
  0x000002927a1be720 JavaThread "Unconstrained build operations Thread 31"        [_thread_in_Java, id=23784, stack(0x000000e1fdd00000,0x000000e1fde00000) (1024K)]
  0x000002927a1bb930 JavaThread "Unconstrained build operations Thread 32"        [_thread_blocked, id=13456, stack(0x000000e1fde00000,0x000000e1fdf00000) (1024K)]
  0x000002927d14f2e0 JavaThread "Unconstrained build operations Thread 33"        [_thread_blocked, id=5844, stack(0x000000e1fdf00000,0x000000e1fe000000) (1024K)]
  0x000002927d152760 JavaThread "Unconstrained build operations Thread 34"        [_thread_blocked, id=15716, stack(0x000000e1fe000000,0x000000e1fe100000) (1024K)]
  0x000002927d1513b0 JavaThread "Unconstrained build operations Thread 35"        [_thread_blocked, id=4092, stack(0x000000e1fe100000,0x000000e1fe200000) (1024K)]
  0x000002927d151a40 JavaThread "Unconstrained build operations Thread 36"        [_thread_blocked, id=25288, stack(0x000000e1fe200000,0x000000e1fe300000) (1024K)]
  0x000002927d152df0 JavaThread "Unconstrained build operations Thread 37"        [_thread_blocked, id=16436, stack(0x000000e1fe300000,0x000000e1fe400000) (1024K)]
  0x000002927d1520d0 JavaThread "Unconstrained build operations Thread 38"        [_thread_blocked, id=10428, stack(0x000000e1fe400000,0x000000e1fe500000) (1024K)]
  0x000002927d150000 JavaThread "Unconstrained build operations Thread 39"        [_thread_blocked, id=25416, stack(0x000000e1fe500000,0x000000e1fe600000) (1024K)]
  0x000002927d150690 JavaThread "Unconstrained build operations Thread 40"        [_thread_blocked, id=25164, stack(0x000000e1fe600000,0x000000e1fe700000) (1024K)]
  0x000002927d150d20 JavaThread "Unconstrained build operations Thread 41"        [_thread_blocked, id=19068, stack(0x000000e1fe700000,0x000000e1fe800000) (1024K)]
  0x000002927d14f970 JavaThread "Unconstrained build operations Thread 42"        [_thread_blocked, id=19336, stack(0x000000e1fe800000,0x000000e1fe900000) (1024K)]
  0x000002927d155550 JavaThread "Unconstrained build operations Thread 43"        [_thread_blocked, id=19428, stack(0x000000e1fe900000,0x000000e1fea00000) (1024K)]
  0x000002927d156900 JavaThread "Unconstrained build operations Thread 44"        [_thread_blocked, id=23944, stack(0x000000e1fea00000,0x000000e1feb00000) (1024K)]
  0x000002927d155be0 JavaThread "Unconstrained build operations Thread 45"        [_thread_blocked, id=22992, stack(0x000000e1feb00000,0x000000e1fec00000) (1024K)]
  0x000002927d1541a0 JavaThread "build event listener"              [_thread_blocked, id=24208, stack(0x000000e1fec00000,0x000000e1fed00000) (1024K)]
  0x000002927d153480 JavaThread "Memory manager"                    [_thread_blocked, id=24560, stack(0x000000e1fed00000,0x000000e1fee00000) (1024K)]
  0x000002927d3d8dc0 JavaThread "build event listener"              [_thread_blocked, id=9360, stack(0x000000e1fee00000,0x000000e1fef00000) (1024K)]
  0x0000029200a2b740 JavaThread "included builds"                   [_thread_blocked, id=2864, stack(0x000000e1ff000000,0x000000e1ff100000) (1024K)]
  0x0000029200a2f250 JavaThread "Execution worker"                  [_thread_blocked, id=20660, stack(0x000000e1ff100000,0x000000e1ff200000) (1024K)]
  0x0000029200a2f8e0 JavaThread "Execution worker Thread 2"         [_thread_blocked, id=10156, stack(0x000000e1ff200000,0x000000e1ff300000) (1024K)]
  0x0000029200a2c460 JavaThread "Execution worker Thread 3"         [_thread_in_Java, id=23660, stack(0x000000e1ff300000,0x000000e1ff400000) (1024K)]
  0x0000029200a2ff70 JavaThread "Execution worker Thread 4"         [_thread_blocked, id=4032, stack(0x000000e1ff400000,0x000000e1ff500000) (1024K)]
  0x0000029200a319b0 JavaThread "Execution worker Thread 5"         [_thread_blocked, id=17472, stack(0x000000e1ff500000,0x000000e1ff600000) (1024K)]
  0x0000029200a30c90 JavaThread "Execution worker Thread 6"         [_thread_blocked, id=14244, stack(0x000000e1ff600000,0x000000e1ff700000) (1024K)]
  0x0000029200a30600 JavaThread "Execution worker Thread 7"         [_thread_blocked, id=13860, stack(0x000000e1ff700000,0x000000e1ff800000) (1024K)]
  0x0000029200a31320 JavaThread "Cache worker for execution history cache (C:\Users\HP\AndroidStudioProjects\TP4_persist\.gradle\9.3.1\executionHistory)"        [_thread_blocked, id=24728, stack(0x000000e1ff800000,0x000000e1ff900000) (1024K)]
  0x000002927e038030 JavaThread "C2 CompilerThread1"         daemon [_thread_in_native, id=3828, stack(0x000000e1f9900000,0x000000e1f9a00000) (1024K)]
=>0x000002927f471ac0 JavaThread "C2 CompilerThread2"         daemon [_thread_in_native, id=24780, stack(0x000000e1fef00000,0x000000e1ff000000) (1024K)]
  0x000002927f7126c0 JavaThread "Unconstrained build operations Thread 46"        [_thread_blocked, id=16360, stack(0x000000e1ff900000,0x000000e1ffa00000) (1024K)]
  0x000002927f713a70 JavaThread "Unconstrained build operations Thread 47"        [_thread_blocked, id=18156, stack(0x000000e1ffa00000,0x000000e1ffb00000) (1024K)]
  0x000002927f712030 JavaThread "Unconstrained build operations Thread 48"        [_thread_blocked, id=24904, stack(0x000000e1ffb00000,0x000000e1ffc00000) (1024K)]
  0x000002927f7119a0 JavaThread "Unconstrained build operations Thread 49"        [_thread_blocked, id=5052, stack(0x000000e1ffc00000,0x000000e1ffd00000) (1024K)]
  0x000002927f714100 JavaThread "Unconstrained build operations Thread 50"        [_thread_blocked, id=20140, stack(0x000000e1ffd00000,0x000000e1ffe00000) (1024K)]
  0x000002927f714790 JavaThread "Unconstrained build operations Thread 51"        [_thread_blocked, id=16016, stack(0x000000e1ffe00000,0x000000e1fff00000) (1024K)]
  0x000002927f711310 JavaThread "Unconstrained build operations Thread 52"        [_thread_blocked, id=20816, stack(0x000000e1fff00000,0x000000e200000000) (1024K)]
  0x000002927f7105f0 JavaThread "Unconstrained build operations Thread 53"        [_thread_blocked, id=14680, stack(0x000000e180000000,0x000000e180100000) (1024K)]
  0x000002927f7133e0 JavaThread "WorkerExecutor Queue"              [_thread_in_Java, id=21616, stack(0x000000e180100000,0x000000e180200000) (1024K)]
  0x000002927f710c80 JavaThread "WorkerExecutor Queue Thread 2"        [_thread_in_native, id=13060, stack(0x000000e180200000,0x000000e180300000) (1024K)]
  0x000002927f7154b0 JavaThread "Unconstrained build operations Thread 54"        [_thread_blocked, id=16312, stack(0x000000e180300000,0x000000e180400000) (1024K)]
  0x000002927f715b40 JavaThread "Unconstrained build operations Thread 55"        [_thread_blocked, id=3220, stack(0x000000e180400000,0x000000e180500000) (1024K)]
  0x000002927f712d50 JavaThread "Unconstrained build operations Thread 56"        [_thread_blocked, id=24348, stack(0x000000e180500000,0x000000e180600000) (1024K)]
  0x000002927f716860 JavaThread "Unconstrained build operations Thread 57"        [_thread_blocked, id=15060, stack(0x000000e180600000,0x000000e180700000) (1024K)]
  0x000002927f717580 JavaThread "Unconstrained build operations Thread 58"        [_thread_blocked, id=23076, stack(0x000000e180700000,0x000000e180800000) (1024K)]
  0x000002927f716ef0 JavaThread "Unconstrained build operations Thread 59"        [_thread_blocked, id=22908, stack(0x000000e180800000,0x000000e180900000) (1024K)]
  0x000002927f717c10 JavaThread "Unconstrained build operations Thread 60"        [_thread_blocked, id=23860, stack(0x000000e180900000,0x000000e180a00000) (1024K)]
  0x000002927d3dfd50 JavaThread "WorkerExecutor Queue Thread 3"        [_thread_blocked, id=6420, stack(0x000000e180a00000,0x000000e180b00000) (1024K)]
  0x0000029274a13260 JavaThread "Unconstrained build operations Thread 61"        [_thread_blocked, id=22640, stack(0x000000e180b00000,0x000000e180c00000) (1024K)]
  0x0000029274a11190 JavaThread "Unconstrained build operations Thread 62"        [_thread_blocked, id=22068, stack(0x000000e180c00000,0x000000e180d00000) (1024K)]
  0x0000029274a138f0 JavaThread "Unconstrained build operations Thread 63"        [_thread_blocked, id=3708, stack(0x000000e180d00000,0x000000e180e00000) (1024K)]
  0x0000029274a11eb0 JavaThread "Unconstrained build operations Thread 64"        [_thread_blocked, id=24064, stack(0x000000e180e00000,0x000000e180f00000) (1024K)]
  0x0000029274a12540 JavaThread "Unconstrained build operations Thread 65"        [_thread_blocked, id=1248, stack(0x000000e180f00000,0x000000e181000000) (1024K)]
  0x0000029274a10b00 JavaThread "Unconstrained build operations Thread 66"        [_thread_blocked, id=15476, stack(0x000000e181000000,0x000000e181100000) (1024K)]
  0x0000029274a159c0 JavaThread "Unconstrained build operations Thread 67"        [_thread_blocked, id=25168, stack(0x000000e181100000,0x000000e181200000) (1024K)]
  0x0000029274a13f80 JavaThread "WorkerExecutor Queue Thread 4"        [_thread_blocked, id=19140, stack(0x000000e181200000,0x000000e181300000) (1024K)]
  0x0000029274a14610 JavaThread "WorkerExecutor Queue Thread 5"        [_thread_blocked, id=18620, stack(0x000000e181300000,0x000000e181400000) (1024K)]
  0x0000029274a12bd0 JavaThread "Unconstrained build operations Thread 68"        [_thread_blocked, id=25012, stack(0x000000e181400000,0x000000e181500000) (1024K)]
  0x0000029274a14ca0 JavaThread "Unconstrained build operations Thread 69"        [_thread_blocked, id=12584, stack(0x000000e181500000,0x000000e181600000) (1024K)]
  0x0000029274a11820 JavaThread "Unconstrained build operations Thread 70"        [_thread_blocked, id=23444, stack(0x000000e181600000,0x000000e181700000) (1024K)]
  0x0000029274a15330 JavaThread "Unconstrained build operations Thread 71"        [_thread_blocked, id=6584, stack(0x000000e181700000,0x000000e181800000) (1024K)]
  0x0000029274a16050 JavaThread "Unconstrained build operations Thread 72"        [_thread_blocked, id=14276, stack(0x000000e181800000,0x000000e181900000) (1024K)]
  0x0000029274a17400 JavaThread "Unconstrained build operations Thread 73"        [_thread_blocked, id=14216, stack(0x000000e181900000,0x000000e181a00000) (1024K)]
  0x0000029274a166e0 JavaThread "Unconstrained build operations Thread 74"        [_thread_blocked, id=24380, stack(0x000000e181a00000,0x000000e181b00000) (1024K)]
  0x000002927a0fc9c0 JavaThread "Unconstrained build operations Thread 75"        [_thread_blocked, id=21108, stack(0x000000e181c00000,0x000000e181d00000) (1024K)]
  0x000002927a0fdd70 JavaThread "Unconstrained build operations Thread 76"        [_thread_blocked, id=20044, stack(0x000000e181d00000,0x000000e181e00000) (1024K)]
  0x000002927a0ff120 JavaThread "Unconstrained build operations Thread 77"        [_thread_blocked, id=11036, stack(0x000000e181e00000,0x000000e181f00000) (1024K)]
  0x000002927a0fe400 JavaThread "Unconstrained build operations Thread 78"        [_thread_blocked, id=23904, stack(0x000000e181f00000,0x000000e182000000) (1024K)]
  0x000002927a0fd050 JavaThread "Unconstrained build operations Thread 79"        [_thread_blocked, id=12592, stack(0x000000e182000000,0x000000e182100000) (1024K)]
  0x000002927a0fd6e0 JavaThread "Unconstrained build operations Thread 80"        [_thread_blocked, id=13532, stack(0x000000e182100000,0x000000e182200000) (1024K)]
  0x000002927a0fea90 JavaThread "Cache worker for Java compile cache (C:\Users\HP\.gradle\caches\9.3.1\javaCompile)"        [_thread_blocked, id=22540, stack(0x000000e182200000,0x000000e182300000) (1024K)]
  0x000002927a106dd0 JavaThread "Build operations"                  [_thread_blocked, id=10320, stack(0x000000e182300000,0x000000e182400000) (1024K)]
  0x000002927a107460 JavaThread "Build operations Thread 2"         [_thread_blocked, id=8696, stack(0x000000e182400000,0x000000e182500000) (1024K)]
  0x000002927a107af0 JavaThread "Build operations Thread 3"         [_thread_blocked, id=21020, stack(0x000000e182500000,0x000000e182600000) (1024K)]
  0x000002927a104670 JavaThread "Build operations Thread 4"         [_thread_blocked, id=8044, stack(0x000000e182600000,0x000000e182700000) (1024K)]
  0x000002927a108180 JavaThread "Build operations Thread 5"         [_thread_blocked, id=14564, stack(0x000000e182700000,0x000000e182800000) (1024K)]
  0x000002927a104d00 JavaThread "Build operations Thread 6"         [_thread_blocked, id=20556, stack(0x000000e182800000,0x000000e182900000) (1024K)]
  0x000002927a109bc0 JavaThread "Build operations Thread 7"         [_thread_blocked, id=10952, stack(0x000000e182900000,0x000000e182a00000) (1024K)]
  0x000002927a0ff7b0 JavaThread "WorkerExecutor Queue Thread 7"        [_thread_in_Java, id=16564, stack(0x000000e182a00000,0x000000e182b00000) (1024K)]
  0x000002927a10a8e0 JavaThread "WorkerExecutor Queue Thread 8"        [_thread_blocked, id=24336, stack(0x000000e182b00000,0x000000e182c00000) (1024K)]
  0x000002927d3df6c0 JavaThread "WorkerExecutor Queue Thread 9"        [_thread_in_vm, id=21580, stack(0x000000e182c00000,0x000000e182d00000) (1024K)]
  0x000002927a1004d0 JavaThread "ForkJoinPool-1-worker-1"    daemon [_thread_blocked, id=13104, stack(0x000000e181b00000,0x000000e181c00000) (1024K)]
  0x000002927a101f10 JavaThread "ForkJoinPool-1-worker-2"    daemon [_thread_blocked, id=23152, stack(0x000000e182d00000,0x000000e182e00000) (1024K)]
  0x000002927a0ffe40 JavaThread "ForkJoinPool-1-worker-3"    daemon [_thread_blocked, id=12168, stack(0x000000e182e00000,0x000000e182f00000) (1024K)]
  0x000002927a1032c0 JavaThread "ForkJoinPool-1-worker-4"    daemon [_thread_blocked, id=20768, stack(0x000000e182f00000,0x000000e183000000) (1024K)]
  0x000002927a101880 JavaThread "ForkJoinPool-1-worker-5"    daemon [_thread_blocked, id=12068, stack(0x000000e183000000,0x000000e183100000) (1024K)]
  0x000002927a103fe0 JavaThread "ForkJoinPool-1-worker-6"    daemon [_thread_blocked, id=17184, stack(0x000000e183100000,0x000000e183200000) (1024K)]
  0x000002927a103950 JavaThread "ForkJoinPool-1-worker-7"    daemon [_thread_blocked, id=11748, stack(0x000000e183200000,0x000000e183300000) (1024K)]
  0x000002927a100b60 JavaThread "ForkJoinPool-1-worker-8"    daemon [_thread_blocked, id=8472, stack(0x000000e183300000,0x000000e183400000) (1024K)]
Total: 158

Other Threads:
  0x0000029273ee89f0 VMThread "VM Thread"                           [id=21028, stack(0x000000e1f8e00000,0x000000e1f8f00000) (1024K)]
  0x0000029273e88990 WatcherThread "VM Periodic Task Thread"        [id=12364, stack(0x000000e1f8d00000,0x000000e1f8e00000) (1024K)]
  0x000002925c845210 WorkerThread "GC Thread#0"                     [id=24872, stack(0x000000e1f8800000,0x000000e1f8900000) (1024K)]
  0x0000029274749b40 WorkerThread "GC Thread#1"                     [id=21676, stack(0x000000e1f9a00000,0x000000e1f9b00000) (1024K)]
  0x000002927476e6b0 WorkerThread "GC Thread#2"                     [id=6732, stack(0x000000e1f9b00000,0x000000e1f9c00000) (1024K)]
  0x0000029274b86a50 WorkerThread "GC Thread#3"                     [id=4712, stack(0x000000e1f9d00000,0x000000e1f9e00000) (1024K)]
  0x00000292794bc080 WorkerThread "GC Thread#4"                     [id=7592, stack(0x000000e1f9e00000,0x000000e1f9f00000) (1024K)]
  0x000002927aa40e20 WorkerThread "GC Thread#5"                     [id=18048, stack(0x000000e1fa100000,0x000000e1fa200000) (1024K)]
  0x000002927a3e1cb0 WorkerThread "GC Thread#6"                     [id=22828, stack(0x000000e1fa200000,0x000000e1fa300000) (1024K)]
  0x000002927a3e2060 WorkerThread "GC Thread#7"                     [id=23364, stack(0x000000e1fa300000,0x000000e1fa400000) (1024K)]
  0x000002925c856f50 ConcurrentGCThread "G1 Main Marker"            [id=9780, stack(0x000000e1f8900000,0x000000e1f8a00000) (1024K)]
  0x000002925c858110 WorkerThread "G1 Conc#0"                       [id=6812, stack(0x000000e1f8a00000,0x000000e1f8b00000) (1024K)]
  0x0000029279735210 WorkerThread "G1 Conc#1"                       [id=1904, stack(0x000000e1fa700000,0x000000e1fa800000) (1024K)]
  0x0000029273d5b1c0 ConcurrentGCThread "G1 Refine#0"               [id=15396, stack(0x000000e1f8b00000,0x000000e1f8c00000) (1024K)]
  0x0000029273d5ca00 ConcurrentGCThread "G1 Service"                [id=11672, stack(0x000000e1f8c00000,0x000000e1f8d00000) (1024K)]
Total: 15

Threads with active compile tasks:
C2 CompilerThread0  36546 21096       4       com.android.tools.r8.internal.eg4::a (9 bytes)
C2 CompilerThread1  36546 21429       4       com.sun.xml.internal.stream.events.XMLEventAllocatorImpl::getXMLEvent (640 bytes)
C2 CompilerThread2  36546 19197       4       com.android.tools.r8.internal.eg4$$Lambda/0x000000010149b408::call (16 bytes)
Total: 3

VM state: not at safepoint (normal execution)

VM Mutex/Monitor currently owned by a thread: None

Heap address: 0x0000000080000000, size: 2048 MB, Compressed Oops mode: 32-bit

CDS archive(s) not mapped
Compressed class space mapped at: 0x0000000100000000-0x0000000140000000, reserved size: 1073741824
Narrow klass base: 0x0000000000000000, Narrow klass shift: 3, Narrow klass range: 0x140000000

GC Precious Log:
 CardTable entry size: 512
 Card Set container configuration: InlinePtr #cards 5 size 8 Array Of Cards #cards 12 size 40 Howl #buckets 4 coarsen threshold 1843 Howl Bitmap #cards 512 size 80 coarsen threshold 460 Card regions per heap region 1 cards per card region 2048
 CPUs: 8 total, 8 available
 Memory: 8030M
 Large Page Support: Disabled
 NUMA Support: Disabled
 Compressed Oops: Enabled (32-bit)
 Heap Region Size: 1M
 Heap Min Capacity: 8M
 Heap Initial Capacity: 126M
 Heap Max Capacity: 2G
 Pre-touch: Disabled
 Parallel Workers: 8
 Concurrent Workers: 2
 Concurrent Refinement Workers: 8
 Periodic GC: Disabled

Heap:
 garbage-first heap   total 609280K, used 371198K [0x0000000080000000, 0x0000000100000000)
  region size 1024K, 63 young (64512K), 5 survivors (5120K)
 Metaspace       used 148412K, committed 150848K, reserved 1179648K
  class space    used 20707K, committed 21888K, reserved 1048576K

Heap Regions: E=young(eden), S=young(survivor), O=old, HS=humongous(starts), HC=humongous(continues), CS=collection set, F=free, TAMS=top-at-mark-start, PB=parsable bottom
|   0|0x0000000080000000, 0x0000000080100000, 0x0000000080100000|100%|HS|  |TAMS 0x0000000080000000| PB 0x0000000080000000| Complete 
|   1|0x0000000080100000, 0x0000000080200000, 0x0000000080200000|100%|HC|  |TAMS 0x0000000080100000| PB 0x0000000080100000| Complete 
|   2|0x0000000080200000, 0x0000000080300000, 0x0000000080300000|100%|HC|  |TAMS 0x0000000080200000| PB 0x0000000080200000| Complete 
|   3|0x0000000080300000, 0x0000000080400000, 0x0000000080400000|100%|HC|  |TAMS 0x0000000080300000| PB 0x0000000080300000| Complete 
|   4|0x0000000080400000, 0x0000000080500000, 0x0000000080500000|100%| O|  |TAMS 0x0000000080400000| PB 0x0000000080400000| Untracked 
|   5|0x0000000080500000, 0x0000000080600000, 0x0000000080600000|100%| O|  |TAMS 0x0000000080500000| PB 0x0000000080500000| Untracked 
|   6|0x0000000080600000, 0x0000000080700000, 0x0000000080700000|100%| O|  |TAMS 0x0000000080600000| PB 0x0000000080600000| Untracked 
|   7|0x0000000080700000, 0x0000000080800000, 0x0000000080800000|100%|HS|  |TAMS 0x0000000080700000| PB 0x0000000080700000| Complete 
|   8|0x0000000080800000, 0x0000000080900000, 0x0000000080900000|100%| O|  |TAMS 0x0000000080800000| PB 0x0000000080800000| Untracked 
|   9|0x0000000080900000, 0x0000000080a00000, 0x0000000080a00000|100%| O|  |TAMS 0x0000000080900000| PB 0x0000000080900000| Untracked 
|  10|0x0000000080a00000, 0x0000000080b00000, 0x0000000080b00000|100%| O|  |TAMS 0x0000000080a00000| PB 0x0000000080a00000| Untracked 
|  11|0x0000000080b00000, 0x0000000080c00000, 0x0000000080c00000|100%| O|  |TAMS 0x0000000080b00000| PB 0x0000000080b00000| Untracked 
|  12|0x0000000080c00000, 0x0000000080d00000, 0x0000000080d00000|100%| O|  |TAMS 0x0000000080c00000| PB 0x0000000080c00000| Untracked 
|  13|0x0000000080d00000, 0x0000000080e00000, 0x0000000080e00000|100%| O|  |TAMS 0x0000000080d00000| PB 0x0000000080d00000| Untracked 
|  14|0x0000000080e00000, 0x0000000080f00000, 0x0000000080f00000|100%| O|  |TAMS 0x0000000080e00000| PB 0x0000000080e00000| Untracked 
|  15|0x0000000080f00000, 0x0000000081000000, 0x0000000081000000|100%| O|  |TAMS 0x0000000080f00000| PB 0x0000000080f00000| Untracked 
|  16|0x0000000081000000, 0x0000000081100000, 0x0000000081100000|100%| O|  |TAMS 0x0000000081000000| PB 0x0000000081000000| Untracked 
|  17|0x0000000081100000, 0x0000000081200000, 0x0000000081200000|100%| O|  |TAMS 0x0000000081100000| PB 0x0000000081100000| Untracked 
|  18|0x0000000081200000, 0x0000000081300000, 0x0000000081300000|100%| O|  |TAMS 0x0000000081200000| PB 0x0000000081200000| Untracked 
|  19|0x0000000081300000, 0x0000000081400000, 0x0000000081400000|100%| O|  |TAMS 0x0000000081300000| PB 0x0000000081300000| Untracked 
|  20|0x0000000081400000, 0x0000000081500000, 0x0000000081500000|100%| O|  |TAMS 0x0000000081400000| PB 0x0000000081400000| Untracked 
|  21|0x0000000081500000, 0x0000000081600000, 0x0000000081600000|100%| O|  |TAMS 0x0000000081500000| PB 0x0000000081500000| Untracked 
|  22|0x0000000081600000, 0x0000000081700000, 0x0000000081700000|100%| O|  |TAMS 0x0000000081600000| PB 0x0000000081600000| Untracked 
|  23|0x0000000081700000, 0x0000000081800000, 0x0000000081800000|100%| O|  |TAMS 0x0000000081700000| PB 0x0000000081700000| Untracked 
|  24|0x0000000081800000, 0x0000000081900000, 0x0000000081900000|100%| O|  |TAMS 0x0000000081800000| PB 0x0000000081800000| Untracked 
|  25|0x0000000081900000, 0x0000000081a00000, 0x0000000081a00000|100%| O|  |TAMS 0x0000000081900000| PB 0x0000000081900000| Untracked 
|  26|0x0000000081a00000, 0x0000000081b00000, 0x0000000081b00000|100%| O|  |TAMS 0x0000000081a00000| PB 0x0000000081a00000| Untracked 
|  27|0x0000000081b00000, 0x0000000081c00000, 0x0000000081c00000|100%|HS|  |TAMS 0x0000000081b00000| PB 0x0000000081b00000| Complete 
|  28|0x0000000081c00000, 0x0000000081d00000, 0x0000000081d00000|100%|HC|  |TAMS 0x0000000081c00000| PB 0x0000000081c00000| Complete 
|  29|0x0000000081d00000, 0x0000000081e00000, 0x0000000081e00000|100%| O|  |TAMS 0x0000000081d00000| PB 0x0000000081d00000| Untracked 
|  30|0x0000000081e00000, 0x0000000081f00000, 0x0000000081f00000|100%| O|  |TAMS 0x0000000081e00000| PB 0x0000000081e00000| Untracked 
|  31|0x0000000081f00000, 0x0000000082000000, 0x0000000082000000|100%| O|  |TAMS 0x0000000081f00000| PB 0x0000000081f00000| Untracked 
|  32|0x0000000082000000, 0x0000000082100000, 0x0000000082100000|100%| O|  |TAMS 0x0000000082000000| PB 0x0000000082000000| Untracked 
|  33|0x0000000082100000, 0x0000000082200000, 0x0000000082200000|100%| O|  |TAMS 0x0000000082100000| PB 0x0000000082100000| Untracked 
|  34|0x0000000082200000, 0x0000000082300000, 0x0000000082300000|100%| O|  |TAMS 0x0000000082200000| PB 0x0000000082200000| Untracked 
|  35|0x0000000082300000, 0x0000000082400000, 0x0000000082400000|100%| O|  |TAMS 0x0000000082300000| PB 0x0000000082300000| Untracked 
|  36|0x0000000082400000, 0x0000000082500000, 0x0000000082500000|100%| O|  |TAMS 0x0000000082400000| PB 0x0000000082400000| Untracked 
|  37|0x0000000082500000, 0x0000000082600000, 0x0000000082600000|100%| O|  |TAMS 0x0000000082500000| PB 0x0000000082500000| Untracked 
|  38|0x0000000082600000, 0x0000000082700000, 0x0000000082700000|100%| O|  |TAMS 0x0000000082600000| PB 0x0000000082600000| Untracked 
|  39|0x0000000082700000, 0x0000000082800000, 0x0000000082800000|100%|HS|  |TAMS 0x0000000082700000| PB 0x0000000082700000| Complete 
|  40|0x0000000082800000, 0x0000000082900000, 0x0000000082900000|100%| O|  |TAMS 0x0000000082800000| PB 0x0000000082800000| Untracked 
|  41|0x0000000082900000, 0x0000000082a00000, 0x0000000082a00000|100%| O|  |TAMS 0x0000000082900000| PB 0x0000000082900000| Untracked 
|  42|0x0000000082a00000, 0x0000000082b00000, 0x0000000082b00000|100%| O|  |TAMS 0x0000000082a00000| PB 0x0000000082a00000| Untracked 
|  43|0x0000000082b00000, 0x0000000082c00000, 0x0000000082c00000|100%| O|  |TAMS 0x0000000082b00000| PB 0x0000000082b00000| Untracked 
|  44|0x0000000082c00000, 0x0000000082d00000, 0x0000000082d00000|100%| O|  |TAMS 0x0000000082c00000| PB 0x0000000082c00000| Untracked 
|  45|0x0000000082d00000, 0x0000000082e00000, 0x0000000082e00000|100%| O|  |TAMS 0x0000000082d00000| PB 0x0000000082d00000| Untracked 
|  46|0x0000000082e00000, 0x0000000082f00000, 0x0000000082f00000|100%| O|  |TAMS 0x0000000082e00000| PB 0x0000000082e00000| Untracked 
|  47|0x0000000082f00000, 0x0000000083000000, 0x0000000083000000|100%| O|  |TAMS 0x0000000082f00000| PB 0x0000000082f00000| Untracked 
|  48|0x0000000083000000, 0x0000000083100000, 0x0000000083100000|100%| O|  |TAMS 0x0000000083000000| PB 0x0000000083000000| Untracked 
|  49|0x0000000083100000, 0x0000000083200000, 0x0000000083200000|100%| O|  |TAMS 0x0000000083100000| PB 0x0000000083100000| Untracked 
|  50|0x0000000083200000, 0x0000000083300000, 0x0000000083300000|100%| O|  |TAMS 0x0000000083200000| PB 0x0000000083200000| Untracked 
|  51|0x0000000083300000, 0x0000000083400000, 0x0000000083400000|100%| O|  |TAMS 0x0000000083300000| PB 0x0000000083300000| Untracked 
|  52|0x0000000083400000, 0x0000000083500000, 0x0000000083500000|100%|HS|  |TAMS 0x0000000083400000| PB 0x0000000083400000| Complete 
|  53|0x0000000083500000, 0x0000000083600000, 0x0000000083600000|100%|HS|  |TAMS 0x0000000083500000| PB 0x0000000083500000| Complete 
|  54|0x0000000083600000, 0x0000000083700000, 0x0000000083700000|100%|HC|  |TAMS 0x0000000083600000| PB 0x0000000083600000| Complete 
|  55|0x0000000083700000, 0x0000000083800000, 0x0000000083800000|100%| O|  |TAMS 0x0000000083700000| PB 0x0000000083700000| Untracked 
|  56|0x0000000083800000, 0x0000000083900000, 0x0000000083900000|100%| O|  |TAMS 0x0000000083800000| PB 0x0000000083800000| Untracked 
|  57|0x0000000083900000, 0x0000000083a00000, 0x0000000083a00000|100%| O|  |TAMS 0x0000000083900000| PB 0x0000000083900000| Untracked 
|  58|0x0000000083a00000, 0x0000000083b00000, 0x0000000083b00000|100%|HS|  |TAMS 0x0000000083a00000| PB 0x0000000083a00000| Complete 
|  59|0x0000000083b00000, 0x0000000083c00000, 0x0000000083c00000|100%|HS|  |TAMS 0x0000000083b00000| PB 0x0000000083b00000| Complete 
|  60|0x0000000083c00000, 0x0000000083d00000, 0x0000000083d00000|100%| O|  |TAMS 0x0000000083c00000| PB 0x0000000083c00000| Untracked 
|  61|0x0000000083d00000, 0x0000000083e00000, 0x0000000083e00000|100%|HS|  |TAMS 0x0000000083d00000| PB 0x0000000083d00000| Complete 
|  62|0x0000000083e00000, 0x0000000083f00000, 0x0000000083f00000|100%|HS|  |TAMS 0x0000000083e00000| PB 0x0000000083e00000| Complete 
|  63|0x0000000083f00000, 0x0000000084000000, 0x0000000084000000|100%| O|  |TAMS 0x0000000083f00000| PB 0x0000000083f00000| Untracked 
|  64|0x0000000084000000, 0x0000000084100000, 0x0000000084100000|100%| O|  |TAMS 0x0000000084000000| PB 0x0000000084000000| Untracked 
|  65|0x0000000084100000, 0x0000000084200000, 0x0000000084200000|100%| O|  |TAMS 0x0000000084100000| PB 0x0000000084100000| Untracked 
|  66|0x0000000084200000, 0x0000000084300000, 0x0000000084300000|100%|HS|  |TAMS 0x0000000084200000| PB 0x0000000084200000| Complete 
|  67|0x0000000084300000, 0x0000000084400000, 0x0000000084400000|100%|HC|  |TAMS 0x0000000084300000| PB 0x0000000084300000| Complete 
|  68|0x0000000084400000, 0x0000000084500000, 0x0000000084500000|100%| O|  |TAMS 0x0000000084400000| PB 0x0000000084400000| Untracked 
|  69|0x0000000084500000, 0x0000000084600000, 0x0000000084600000|100%| O|  |TAMS 0x0000000084500000| PB 0x0000000084500000| Untracked 
|  70|0x0000000084600000, 0x0000000084700000, 0x0000000084700000|100%| O|  |TAMS 0x0000000084600000| PB 0x0000000084600000| Untracked 
|  71|0x0000000084700000, 0x0000000084800000, 0x0000000084800000|100%|HS|  |TAMS 0x0000000084700000| PB 0x0000000084700000| Complete 
|  72|0x0000000084800000, 0x0000000084900000, 0x0000000084900000|100%| O|  |TAMS 0x0000000084800000| PB 0x0000000084800000| Untracked 
|  73|0x0000000084900000, 0x0000000084a00000, 0x0000000084a00000|100%| O|  |TAMS 0x0000000084900000| PB 0x0000000084900000| Untracked 
|  74|0x0000000084a00000, 0x0000000084b00000, 0x0000000084b00000|100%| O|  |TAMS 0x0000000084a00000| PB 0x0000000084a00000| Untracked 
|  75|0x0000000084b00000, 0x0000000084c00000, 0x0000000084c00000|100%| O|  |TAMS 0x0000000084b00000| PB 0x0000000084b00000| Untracked 
|  76|0x0000000084c00000, 0x0000000084d00000, 0x0000000084d00000|100%| O|  |TAMS 0x0000000084c00000| PB 0x0000000084c00000| Untracked 
|  77|0x0000000084d00000, 0x0000000084e00000, 0x0000000084e00000|100%| O|  |TAMS 0x0000000084d00000| PB 0x0000000084d00000| Untracked 
|  78|0x0000000084e00000, 0x0000000084f00000, 0x0000000084f00000|100%| O|  |TAMS 0x0000000084e00000| PB 0x0000000084e00000| Untracked 
|  79|0x0000000084f00000, 0x0000000085000000, 0x0000000085000000|100%| O|  |TAMS 0x0000000084f00000| PB 0x0000000084f00000| Untracked 
|  80|0x0000000085000000, 0x0000000085100000, 0x0000000085100000|100%| O|  |TAMS 0x0000000085000000| PB 0x0000000085000000| Untracked 
|  81|0x0000000085100000, 0x0000000085200000, 0x0000000085200000|100%| O|  |TAMS 0x0000000085100000| PB 0x0000000085100000| Untracked 
|  82|0x0000000085200000, 0x0000000085300000, 0x0000000085300000|100%| O|  |TAMS 0x0000000085200000| PB 0x0000000085200000| Untracked 
|  83|0x0000000085300000, 0x0000000085400000, 0x0000000085400000|100%| O|  |TAMS 0x0000000085300000| PB 0x0000000085300000| Untracked 
|  84|0x0000000085400000, 0x0000000085500000, 0x0000000085500000|100%| O|  |TAMS 0x0000000085400000| PB 0x0000000085400000| Untracked 
|  85|0x0000000085500000, 0x0000000085600000, 0x0000000085600000|100%| O|  |TAMS 0x0000000085500000| PB 0x0000000085500000| Untracked 
|  86|0x0000000085600000, 0x0000000085700000, 0x0000000085700000|100%|HS|  |TAMS 0x0000000085600000| PB 0x0000000085600000| Complete 
|  87|0x0000000085700000, 0x0000000085800000, 0x0000000085800000|100%| O|  |TAMS 0x0000000085700000| PB 0x0000000085700000| Untracked 
|  88|0x0000000085800000, 0x0000000085900000, 0x0000000085900000|100%| O|  |TAMS 0x0000000085800000| PB 0x0000000085800000| Untracked 
|  89|0x0000000085900000, 0x0000000085a00000, 0x0000000085a00000|100%|HS|  |TAMS 0x0000000085900000| PB 0x0000000085900000| Complete 
|  90|0x0000000085a00000, 0x0000000085b00000, 0x0000000085b00000|100%| O|  |TAMS 0x0000000085a00000| PB 0x0000000085a00000| Untracked 
|  91|0x0000000085b00000, 0x0000000085c00000, 0x0000000085c00000|100%| O|  |TAMS 0x0000000085b00000| PB 0x0000000085b00000| Untracked 
|  92|0x0000000085c00000, 0x0000000085d00000, 0x0000000085d00000|100%|HS|  |TAMS 0x0000000085c00000| PB 0x0000000085c00000| Complete 
|  93|0x0000000085d00000, 0x0000000085e00000, 0x0000000085e00000|100%| O|  |TAMS 0x0000000085d00000| PB 0x0000000085d00000| Untracked 
|  94|0x0000000085e00000, 0x0000000085f00000, 0x0000000085f00000|100%| O|  |TAMS 0x0000000085e00000| PB 0x0000000085e00000| Untracked 
|  95|0x0000000085f00000, 0x0000000086000000, 0x0000000086000000|100%| O|  |TAMS 0x0000000085f00000| PB 0x0000000085f00000| Untracked 
|  96|0x0000000086000000, 0x0000000086100000, 0x0000000086100000|100%| O|  |TAMS 0x0000000086000000| PB 0x0000000086000000| Untracked 
|  97|0x0000000086100000, 0x0000000086200000, 0x0000000086200000|100%| O|  |TAMS 0x0000000086100000| PB 0x0000000086100000| Untracked 
|  98|0x0000000086200000, 0x0000000086300000, 0x0000000086300000|100%| O|  |TAMS 0x0000000086200000| PB 0x0000000086200000| Untracked 
|  99|0x0000000086300000, 0x0000000086400000, 0x0000000086400000|100%| O|  |TAMS 0x0000000086300000| PB 0x0000000086300000| Untracked 
| 100|0x0000000086400000, 0x0000000086500000, 0x0000000086500000|100%| O|  |TAMS 0x0000000086400000| PB 0x0000000086400000| Untracked 
| 101|0x0000000086500000, 0x0000000086600000, 0x0000000086600000|100%| O|  |TAMS 0x0000000086500000| PB 0x0000000086500000| Untracked 
| 102|0x0000000086600000, 0x0000000086700000, 0x0000000086700000|100%| O|  |TAMS 0x0000000086600000| PB 0x0000000086600000| Untracked 
| 103|0x0000000086700000, 0x0000000086800000, 0x0000000086800000|100%| O|  |TAMS 0x0000000086700000| PB 0x0000000086700000| Untracked 
| 104|0x0000000086800000, 0x0000000086900000, 0x0000000086900000|100%|HS|  |TAMS 0x0000000086800000| PB 0x0000000086800000| Complete 
| 105|0x0000000086900000, 0x0000000086a00000, 0x0000000086a00000|100%|HC|  |TAMS 0x0000000086900000| PB 0x0000000086900000| Complete 
| 106|0x0000000086a00000, 0x0000000086b00000, 0x0000000086b00000|100%|HS|  |TAMS 0x0000000086a00000| PB 0x0000000086a00000| Complete 
| 107|0x0000000086b00000, 0x0000000086c00000, 0x0000000086c00000|100%|HC|  |TAMS 0x0000000086b00000| PB 0x0000000086b00000| Complete 
| 108|0x0000000086c00000, 0x0000000086d00000, 0x0000000086d00000|100%|HS|  |TAMS 0x0000000086c00000| PB 0x0000000086c00000| Complete 
| 109|0x0000000086d00000, 0x0000000086e00000, 0x0000000086e00000|100%|HC|  |TAMS 0x0000000086d00000| PB 0x0000000086d00000| Complete 
| 110|0x0000000086e00000, 0x0000000086f00000, 0x0000000086f00000|100%| O|  |TAMS 0x0000000086e00000| PB 0x0000000086e00000| Untracked 
| 111|0x0000000086f00000, 0x0000000087000000, 0x0000000087000000|100%| O|  |TAMS 0x0000000086f00000| PB 0x0000000086f00000| Untracked 
| 112|0x0000000087000000, 0x0000000087100000, 0x0000000087100000|100%| O|  |TAMS 0x0000000087000000| PB 0x0000000087000000| Untracked 
| 113|0x0000000087100000, 0x0000000087200000, 0x0000000087200000|100%| O|  |TAMS 0x0000000087100000| PB 0x0000000087100000| Untracked 
| 114|0x0000000087200000, 0x0000000087300000, 0x0000000087300000|100%| O|  |TAMS 0x0000000087200000| PB 0x0000000087200000| Untracked 
| 115|0x0000000087300000, 0x0000000087400000, 0x0000000087400000|100%| O|  |TAMS 0x0000000087300000| PB 0x0000000087300000| Untracked 
| 116|0x0000000087400000, 0x0000000087500000, 0x0000000087500000|100%| O|  |TAMS 0x0000000087400000| PB 0x0000000087400000| Untracked 
| 117|0x0000000087500000, 0x0000000087600000, 0x0000000087600000|100%| O|  |TAMS 0x0000000087500000| PB 0x0000000087500000| Untracked 
| 118|0x0000000087600000, 0x0000000087700000, 0x0000000087700000|100%| O|  |TAMS 0x0000000087600000| PB 0x0000000087600000| Untracked 
| 119|0x0000000087700000, 0x0000000087800000, 0x0000000087800000|100%| O|  |TAMS 0x0000000087700000| PB 0x0000000087700000| Untracked 
| 120|0x0000000087800000, 0x0000000087900000, 0x0000000087900000|100%| O|  |TAMS 0x0000000087800000| PB 0x0000000087800000| Untracked 
| 121|0x0000000087900000, 0x0000000087a00000, 0x0000000087a00000|100%| O|  |TAMS 0x0000000087900000| PB 0x0000000087900000| Untracked 
| 122|0x0000000087a00000, 0x0000000087b00000, 0x0000000087b00000|100%|HS|  |TAMS 0x0000000087a00000| PB 0x0000000087a00000| Complete 
| 123|0x0000000087b00000, 0x0000000087c00000, 0x0000000087c00000|100%|HC|  |TAMS 0x0000000087b00000| PB 0x0000000087b00000| Complete 
| 124|0x0000000087c00000, 0x0000000087d00000, 0x0000000087d00000|100%| O|  |TAMS 0x0000000087c00000| PB 0x0000000087c00000| Untracked 
| 125|0x0000000087d00000, 0x0000000087e00000, 0x0000000087e00000|100%| O|  |TAMS 0x0000000087d00000| PB 0x0000000087d00000| Untracked 
| 126|0x0000000087e00000, 0x0000000087f00000, 0x0000000087f00000|100%| O|  |TAMS 0x0000000087e00000| PB 0x0000000087e00000| Untracked 
| 127|0x0000000087f00000, 0x0000000088000000, 0x0000000088000000|100%|HS|  |TAMS 0x0000000087f00000| PB 0x0000000087f00000| Complete 
| 128|0x0000000088000000, 0x0000000088100000, 0x0000000088100000|100%|HC|  |TAMS 0x0000000088000000| PB 0x0000000088000000| Complete 
| 129|0x0000000088100000, 0x0000000088200000, 0x0000000088200000|100%|HC|  |TAMS 0x0000000088100000| PB 0x0000000088100000| Complete 
| 130|0x0000000088200000, 0x0000000088300000, 0x0000000088300000|100%| O|  |TAMS 0x0000000088200000| PB 0x0000000088200000| Untracked 
| 131|0x0000000088300000, 0x0000000088400000, 0x0000000088400000|100%| O|  |TAMS 0x0000000088300000| PB 0x0000000088300000| Untracked 
| 132|0x0000000088400000, 0x0000000088500000, 0x0000000088500000|100%| O|  |TAMS 0x0000000088400000| PB 0x0000000088400000| Untracked 
| 133|0x0000000088500000, 0x0000000088600000, 0x0000000088600000|100%|HS|  |TAMS 0x0000000088500000| PB 0x0000000088500000| Complete 
| 134|0x0000000088600000, 0x0000000088700000, 0x0000000088700000|100%| O|  |TAMS 0x0000000088600000| PB 0x0000000088600000| Untracked 
| 135|0x0000000088700000, 0x0000000088800000, 0x0000000088800000|100%| O|  |TAMS 0x0000000088700000| PB 0x0000000088700000| Untracked 
| 136|0x0000000088800000, 0x0000000088900000, 0x0000000088900000|100%|HS|  |TAMS 0x0000000088800000| PB 0x0000000088800000| Complete 
| 137|0x0000000088900000, 0x0000000088a00000, 0x0000000088a00000|100%|HC|  |TAMS 0x0000000088900000| PB 0x0000000088900000| Complete 
| 138|0x0000000088a00000, 0x0000000088b00000, 0x0000000088b00000|100%|HS|  |TAMS 0x0000000088a00000| PB 0x0000000088a00000| Complete 
| 139|0x0000000088b00000, 0x0000000088c00000, 0x0000000088c00000|100%| O|  |TAMS 0x0000000088b00000| PB 0x0000000088b00000| Untracked 
| 140|0x0000000088c00000, 0x0000000088d00000, 0x0000000088d00000|100%| O|  |TAMS 0x0000000088c00000| PB 0x0000000088c00000| Untracked 
| 141|0x0000000088d00000, 0x0000000088e00000, 0x0000000088e00000|100%| O|Cm|TAMS 0x0000000088d00000| PB 0x0000000088d00000| Complete 
| 142|0x0000000088e00000, 0x0000000088f00000, 0x0000000088f00000|100%| O|  |TAMS 0x0000000088e00000| PB 0x0000000088e00000| Untracked 
| 143|0x0000000088f00000, 0x0000000089000000, 0x0000000089000000|100%| O|Cm|TAMS 0x0000000088f00000| PB 0x0000000088f00000| Complete 
| 144|0x0000000089000000, 0x0000000089100000, 0x0000000089100000|100%| O|  |TAMS 0x0000000089000000| PB 0x0000000089000000| Untracked 
| 145|0x0000000089100000, 0x0000000089200000, 0x0000000089200000|100%| O|  |TAMS 0x0000000089100000| PB 0x0000000089100000| Untracked 
| 146|0x0000000089200000, 0x0000000089300000, 0x0000000089300000|100%|HS|  |TAMS 0x0000000089200000| PB 0x0000000089200000| Complete 
| 147|0x0000000089300000, 0x0000000089400000, 0x0000000089400000|100%| O|  |TAMS 0x0000000089300000| PB 0x0000000089300000| Untracked 
| 148|0x0000000089400000, 0x0000000089500000, 0x0000000089500000|100%| O|  |TAMS 0x0000000089400000| PB 0x0000000089400000| Untracked 
| 149|0x0000000089500000, 0x00000000895d4680, 0x0000000089600000| 82%| O|  |TAMS 0x0000000089500000| PB 0x0000000089500000| Untracked 
| 150|0x0000000089600000, 0x0000000089700000, 0x0000000089700000|100%| O|  |TAMS 0x0000000089600000| PB 0x0000000089600000| Untracked 
| 151|0x0000000089700000, 0x0000000089800000, 0x0000000089800000|100%| O|  |TAMS 0x0000000089700000| PB 0x0000000089700000| Untracked 
| 152|0x0000000089800000, 0x0000000089900000, 0x0000000089900000|100%| O|  |TAMS 0x0000000089800000| PB 0x0000000089800000| Untracked 
| 153|0x0000000089900000, 0x0000000089900000, 0x0000000089a00000|  0%| F|  |TAMS 0x0000000089900000| PB 0x0000000089900000| Untracked 
| 154|0x0000000089a00000, 0x0000000089a00000, 0x0000000089b00000|  0%| F|  |TAMS 0x0000000089a00000| PB 0x0000000089a00000| Untracked 
| 155|0x0000000089b00000, 0x0000000089c00000, 0x0000000089c00000|100%| O|  |TAMS 0x0000000089b00000| PB 0x0000000089b00000| Untracked 
| 156|0x0000000089c00000, 0x0000000089d00000, 0x0000000089d00000|100%| O|  |TAMS 0x0000000089c00000| PB 0x0000000089c00000| Untracked 
| 157|0x0000000089d00000, 0x0000000089e00000, 0x0000000089e00000|100%| O|  |TAMS 0x0000000089d00000| PB 0x0000000089d00000| Untracked 
| 158|0x0000000089e00000, 0x0000000089e00000, 0x0000000089f00000|  0%| F|  |TAMS 0x0000000089e00000| PB 0x0000000089e00000| Untracked 
| 159|0x0000000089f00000, 0x0000000089f00000, 0x000000008a000000|  0%| F|  |TAMS 0x0000000089f00000| PB 0x0000000089f00000| Untracked 
| 160|0x000000008a000000, 0x000000008a100000, 0x000000008a100000|100%| O|  |TAMS 0x000000008a000000| PB 0x000000008a000000| Untracked 
| 161|0x000000008a100000, 0x000000008a200000, 0x000000008a200000|100%| O|  |TAMS 0x000000008a100000| PB 0x000000008a100000| Untracked 
| 162|0x000000008a200000, 0x000000008a300000, 0x000000008a300000|100%| O|Cm|TAMS 0x000000008a200000| PB 0x000000008a200000| Complete 
| 163|0x000000008a300000, 0x000000008a300000, 0x000000008a400000|  0%| F|  |TAMS 0x000000008a300000| PB 0x000000008a300000| Untracked 
| 164|0x000000008a400000, 0x000000008a400000, 0x000000008a500000|  0%| F|  |TAMS 0x000000008a400000| PB 0x000000008a400000| Untracked 
| 165|0x000000008a500000, 0x000000008a600000, 0x000000008a600000|100%| O|Cm|TAMS 0x000000008a500000| PB 0x000000008a500000| Complete 
| 166|0x000000008a600000, 0x000000008a600000, 0x000000008a700000|  0%| F|  |TAMS 0x000000008a600000| PB 0x000000008a600000| Untracked 
| 167|0x000000008a700000, 0x000000008a800000, 0x000000008a800000|100%| O|Cm|TAMS 0x000000008a700000| PB 0x000000008a700000| Complete 
| 168|0x000000008a800000, 0x000000008a900000, 0x000000008a900000|100%| O|  |TAMS 0x000000008a800000| PB 0x000000008a800000| Untracked 
| 169|0x000000008a900000, 0x000000008aa00000, 0x000000008aa00000|100%| O|  |TAMS 0x000000008a900000| PB 0x000000008a900000| Untracked 
| 170|0x000000008aa00000, 0x000000008ab00000, 0x000000008ab00000|100%| O|  |TAMS 0x000000008aa00000| PB 0x000000008aa00000| Untracked 
| 171|0x000000008ab00000, 0x000000008ac00000, 0x000000008ac00000|100%| O|  |TAMS 0x000000008ab00000| PB 0x000000008ab00000| Untracked 
| 172|0x000000008ac00000, 0x000000008ad00000, 0x000000008ad00000|100%| O|  |TAMS 0x000000008ac00000| PB 0x000000008ac00000| Untracked 
| 173|0x000000008ad00000, 0x000000008ad00000, 0x000000008ae00000|  0%| F|  |TAMS 0x000000008ad00000| PB 0x000000008ad00000| Untracked 
| 174|0x000000008ae00000, 0x000000008ae00000, 0x000000008af00000|  0%| F|  |TAMS 0x000000008ae00000| PB 0x000000008ae00000| Untracked 
| 175|0x000000008af00000, 0x000000008af00000, 0x000000008b000000|  0%| F|  |TAMS 0x000000008af00000| PB 0x000000008af00000| Untracked 
| 176|0x000000008b000000, 0x000000008b100000, 0x000000008b100000|100%| O|  |TAMS 0x000000008b000000| PB 0x000000008b000000| Untracked 
| 177|0x000000008b100000, 0x000000008b200000, 0x000000008b200000|100%| O|  |TAMS 0x000000008b100000| PB 0x000000008b100000| Untracked 
| 178|0x000000008b200000, 0x000000008b300000, 0x000000008b300000|100%| O|  |TAMS 0x000000008b200000| PB 0x000000008b200000| Untracked 
| 179|0x000000008b300000, 0x000000008b400000, 0x000000008b400000|100%| O|  |TAMS 0x000000008b300000| PB 0x000000008b300000| Untracked 
| 180|0x000000008b400000, 0x000000008b500000, 0x000000008b500000|100%| O|  |TAMS 0x000000008b400000| PB 0x000000008b400000| Untracked 
| 181|0x000000008b500000, 0x000000008b600000, 0x000000008b600000|100%| O|  |TAMS 0x000000008b500000| PB 0x000000008b500000| Untracked 
| 182|0x000000008b600000, 0x000000008b700000, 0x000000008b700000|100%| O|  |TAMS 0x000000008b600000| PB 0x000000008b600000| Untracked 
| 183|0x000000008b700000, 0x000000008b800000, 0x000000008b800000|100%| O|  |TAMS 0x000000008b700000| PB 0x000000008b700000| Untracked 
| 184|0x000000008b800000, 0x000000008b900000, 0x000000008b900000|100%| O|  |TAMS 0x000000008b800000| PB 0x000000008b800000| Untracked 
| 185|0x000000008b900000, 0x000000008ba00000, 0x000000008ba00000|100%| O|  |TAMS 0x000000008b900000| PB 0x000000008b900000| Untracked 
| 186|0x000000008ba00000, 0x000000008bb00000, 0x000000008bb00000|100%| O|  |TAMS 0x000000008ba00000| PB 0x000000008ba00000| Untracked 
| 187|0x000000008bb00000, 0x000000008bc00000, 0x000000008bc00000|100%| O|  |TAMS 0x000000008bb00000| PB 0x000000008bb00000| Untracked 
| 188|0x000000008bc00000, 0x000000008bd00000, 0x000000008bd00000|100%| O|  |TAMS 0x000000008bc00000| PB 0x000000008bc00000| Untracked 
| 189|0x000000008bd00000, 0x000000008be00000, 0x000000008be00000|100%| O|  |TAMS 0x000000008bd00000| PB 0x000000008bd00000| Untracked 
| 190|0x000000008be00000, 0x000000008bf00000, 0x000000008bf00000|100%| O|  |TAMS 0x000000008be00000| PB 0x000000008be00000| Untracked 
| 191|0x000000008bf00000, 0x000000008c000000, 0x000000008c000000|100%| O|  |TAMS 0x000000008bf00000| PB 0x000000008bf00000| Untracked 
| 192|0x000000008c000000, 0x000000008c100000, 0x000000008c100000|100%| O|  |TAMS 0x000000008c000000| PB 0x000000008c000000| Untracked 
| 193|0x000000008c100000, 0x000000008c200000, 0x000000008c200000|100%| O|  |TAMS 0x000000008c100000| PB 0x000000008c100000| Untracked 
| 194|0x000000008c200000, 0x000000008c300000, 0x000000008c300000|100%| O|  |TAMS 0x000000008c200000| PB 0x000000008c200000| Untracked 
| 195|0x000000008c300000, 0x000000008c400000, 0x000000008c400000|100%| O|  |TAMS 0x000000008c300000| PB 0x000000008c300000| Untracked 
| 196|0x000000008c400000, 0x000000008c500000, 0x000000008c500000|100%| O|  |TAMS 0x000000008c400000| PB 0x000000008c400000| Untracked 
| 197|0x000000008c500000, 0x000000008c600000, 0x000000008c600000|100%| O|  |TAMS 0x000000008c500000| PB 0x000000008c500000| Untracked 
| 198|0x000000008c600000, 0x000000008c700000, 0x000000008c700000|100%| O|  |TAMS 0x000000008c600000| PB 0x000000008c600000| Untracked 
| 199|0x000000008c700000, 0x000000008c800000, 0x000000008c800000|100%| O|  |TAMS 0x000000008c700000| PB 0x000000008c700000| Untracked 
| 200|0x000000008c800000, 0x000000008c900000, 0x000000008c900000|100%| O|  |TAMS 0x000000008c800000| PB 0x000000008c800000| Untracked 
| 201|0x000000008c900000, 0x000000008ca00000, 0x000000008ca00000|100%| O|  |TAMS 0x000000008c900000| PB 0x000000008c900000| Untracked 
| 202|0x000000008ca00000, 0x000000008cb00000, 0x000000008cb00000|100%| O|  |TAMS 0x000000008ca00000| PB 0x000000008ca00000| Untracked 
| 203|0x000000008cb00000, 0x000000008cc00000, 0x000000008cc00000|100%| O|  |TAMS 0x000000008cb00000| PB 0x000000008cb00000| Untracked 
| 204|0x000000008cc00000, 0x000000008cd00000, 0x000000008cd00000|100%| O|  |TAMS 0x000000008cc00000| PB 0x000000008cc00000| Untracked 
| 205|0x000000008cd00000, 0x000000008ce00000, 0x000000008ce00000|100%|HS|  |TAMS 0x000000008cd00000| PB 0x000000008cd00000| Complete 
| 206|0x000000008ce00000, 0x000000008cf00000, 0x000000008cf00000|100%| O|Cm|TAMS 0x000000008ce00000| PB 0x000000008ce00000| Complete 
| 207|0x000000008cf00000, 0x000000008d000000, 0x000000008d000000|100%| O|  |TAMS 0x000000008cf00000| PB 0x000000008cf00000| Untracked 
| 208|0x000000008d000000, 0x000000008d100000, 0x000000008d100000|100%| O|  |TAMS 0x000000008d000000| PB 0x000000008d000000| Untracked 
| 209|0x000000008d100000, 0x000000008d200000, 0x000000008d200000|100%| O|  |TAMS 0x000000008d100000| PB 0x000000008d100000| Untracked 
| 210|0x000000008d200000, 0x000000008d300000, 0x000000008d300000|100%| O|  |TAMS 0x000000008d200000| PB 0x000000008d200000| Untracked 
| 211|0x000000008d300000, 0x000000008d400000, 0x000000008d400000|100%| O|  |TAMS 0x000000008d300000| PB 0x000000008d300000| Untracked 
| 212|0x000000008d400000, 0x000000008d500000, 0x000000008d500000|100%| O|  |TAMS 0x000000008d400000| PB 0x000000008d400000| Untracked 
| 213|0x000000008d500000, 0x000000008d600000, 0x000000008d600000|100%| O|  |TAMS 0x000000008d500000| PB 0x000000008d500000| Untracked 
| 214|0x000000008d600000, 0x000000008d700000, 0x000000008d700000|100%| O|  |TAMS 0x000000008d600000| PB 0x000000008d600000| Untracked 
| 215|0x000000008d700000, 0x000000008d800000, 0x000000008d800000|100%| O|  |TAMS 0x000000008d700000| PB 0x000000008d700000| Untracked 
| 216|0x000000008d800000, 0x000000008d900000, 0x000000008d900000|100%| O|  |TAMS 0x000000008d800000| PB 0x000000008d800000| Untracked 
| 217|0x000000008d900000, 0x000000008da00000, 0x000000008da00000|100%| O|  |TAMS 0x000000008d900000| PB 0x000000008d900000| Untracked 
| 218|0x000000008da00000, 0x000000008db00000, 0x000000008db00000|100%| O|  |TAMS 0x000000008da00000| PB 0x000000008da00000| Untracked 
| 219|0x000000008db00000, 0x000000008dc00000, 0x000000008dc00000|100%| O|  |TAMS 0x000000008db00000| PB 0x000000008db00000| Untracked 
| 220|0x000000008dc00000, 0x000000008dd00000, 0x000000008dd00000|100%| O|  |TAMS 0x000000008dc00000| PB 0x000000008dc00000| Untracked 
| 221|0x000000008dd00000, 0x000000008de00000, 0x000000008de00000|100%| O|  |TAMS 0x000000008dd00000| PB 0x000000008dd00000| Untracked 
| 222|0x000000008de00000, 0x000000008df00000, 0x000000008df00000|100%| O|Cm|TAMS 0x000000008de00000| PB 0x000000008de00000| Complete 
| 223|0x000000008df00000, 0x000000008e000000, 0x000000008e000000|100%| O|Cm|TAMS 0x000000008df00000| PB 0x000000008df00000| Complete 
| 224|0x000000008e000000, 0x000000008e100000, 0x000000008e100000|100%| O|  |TAMS 0x000000008e000000| PB 0x000000008e000000| Untracked 
| 225|0x000000008e100000, 0x000000008e200000, 0x000000008e200000|100%| O|  |TAMS 0x000000008e100000| PB 0x000000008e100000| Untracked 
| 226|0x000000008e200000, 0x000000008e300000, 0x000000008e300000|100%| O|  |TAMS 0x000000008e200000| PB 0x000000008e200000| Untracked 
| 227|0x000000008e300000, 0x000000008e400000, 0x000000008e400000|100%| O|  |TAMS 0x000000008e300000| PB 0x000000008e300000| Untracked 
| 228|0x000000008e400000, 0x000000008e500000, 0x000000008e500000|100%| O|  |TAMS 0x000000008e400000| PB 0x000000008e400000| Untracked 
| 229|0x000000008e500000, 0x000000008e600000, 0x000000008e600000|100%| O|  |TAMS 0x000000008e500000| PB 0x000000008e500000| Untracked 
| 230|0x000000008e600000, 0x000000008e700000, 0x000000008e700000|100%| O|  |TAMS 0x000000008e600000| PB 0x000000008e600000| Untracked 
| 231|0x000000008e700000, 0x000000008e800000, 0x000000008e800000|100%| O|  |TAMS 0x000000008e700000| PB 0x000000008e700000| Untracked 
| 232|0x000000008e800000, 0x000000008e900000, 0x000000008e900000|100%| O|  |TAMS 0x000000008e800000| PB 0x000000008e800000| Untracked 
| 233|0x000000008e900000, 0x000000008ea00000, 0x000000008ea00000|100%| O|  |TAMS 0x000000008e900000| PB 0x000000008e900000| Untracked 
| 234|0x000000008ea00000, 0x000000008eb00000, 0x000000008eb00000|100%| O|Cm|TAMS 0x000000008ea00000| PB 0x000000008ea00000| Complete 
| 235|0x000000008eb00000, 0x000000008ec00000, 0x000000008ec00000|100%| O|Cm|TAMS 0x000000008eb00000| PB 0x000000008eb00000| Complete 
| 236|0x000000008ec00000, 0x000000008ed00000, 0x000000008ed00000|100%| O|  |TAMS 0x000000008ec00000| PB 0x000000008ec00000| Untracked 
| 237|0x000000008ed00000, 0x000000008ee00000, 0x000000008ee00000|100%| O|  |TAMS 0x000000008ed00000| PB 0x000000008ed00000| Untracked 
| 238|0x000000008ee00000, 0x000000008ef00000, 0x000000008ef00000|100%| O|  |TAMS 0x000000008ee00000| PB 0x000000008ee00000| Untracked 
| 239|0x000000008ef00000, 0x000000008f000000, 0x000000008f000000|100%| O|  |TAMS 0x000000008ef00000| PB 0x000000008ef00000| Untracked 
| 240|0x000000008f000000, 0x000000008f100000, 0x000000008f100000|100%| O|  |TAMS 0x000000008f000000| PB 0x000000008f000000| Untracked 
| 241|0x000000008f100000, 0x000000008f200000, 0x000000008f200000|100%| O|  |TAMS 0x000000008f100000| PB 0x000000008f100000| Untracked 
| 242|0x000000008f200000, 0x000000008f300000, 0x000000008f300000|100%| O|  |TAMS 0x000000008f200000| PB 0x000000008f200000| Untracked 
| 243|0x000000008f300000, 0x000000008f400000, 0x000000008f400000|100%| O|  |TAMS 0x000000008f300000| PB 0x000000008f300000| Untracked 
| 244|0x000000008f400000, 0x000000008f500000, 0x000000008f500000|100%| O|  |TAMS 0x000000008f400000| PB 0x000000008f400000| Untracked 
| 245|0x000000008f500000, 0x000000008f600000, 0x000000008f600000|100%| O|  |TAMS 0x000000008f500000| PB 0x000000008f500000| Untracked 
| 246|0x000000008f600000, 0x000000008f700000, 0x000000008f700000|100%| O|  |TAMS 0x000000008f600000| PB 0x000000008f600000| Untracked 
| 247|0x000000008f700000, 0x000000008f800000, 0x000000008f800000|100%| O|  |TAMS 0x000000008f700000| PB 0x000000008f700000| Untracked 
| 248|0x000000008f800000, 0x000000008f900000, 0x000000008f900000|100%| O|  |TAMS 0x000000008f800000| PB 0x000000008f800000| Untracked 
| 249|0x000000008f900000, 0x000000008fa00000, 0x000000008fa00000|100%| O|  |TAMS 0x000000008f900000| PB 0x000000008f900000| Untracked 
| 250|0x000000008fa00000, 0x000000008fb00000, 0x000000008fb00000|100%| O|  |TAMS 0x000000008fa00000| PB 0x000000008fa00000| Untracked 
| 251|0x000000008fb00000, 0x000000008fc00000, 0x000000008fc00000|100%| O|  |TAMS 0x000000008fb00000| PB 0x000000008fb00000| Untracked 
| 252|0x000000008fc00000, 0x000000008fd00000, 0x000000008fd00000|100%| O|  |TAMS 0x000000008fc00000| PB 0x000000008fc00000| Untracked 
| 253|0x000000008fd00000, 0x000000008fe00000, 0x000000008fe00000|100%| O|  |TAMS 0x000000008fd00000| PB 0x000000008fd00000| Untracked 
| 254|0x000000008fe00000, 0x000000008ff00000, 0x000000008ff00000|100%| O|  |TAMS 0x000000008fe00000| PB 0x000000008fe00000| Untracked 
| 255|0x000000008ff00000, 0x000000008ff00000, 0x0000000090000000|  0%| F|  |TAMS 0x000000008ff00000| PB 0x000000008ff00000| Untracked 
| 256|0x0000000090000000, 0x0000000090000000, 0x0000000090100000|  0%| F|  |TAMS 0x0000000090000000| PB 0x0000000090000000| Untracked 
| 257|0x0000000090100000, 0x0000000090100000, 0x0000000090200000|  0%| F|  |TAMS 0x0000000090100000| PB 0x0000000090100000| Untracked 
| 258|0x0000000090200000, 0x0000000090200000, 0x0000000090300000|  0%| F|  |TAMS 0x0000000090200000| PB 0x0000000090200000| Untracked 
| 259|0x0000000090300000, 0x0000000090300000, 0x0000000090400000|  0%| F|  |TAMS 0x0000000090300000| PB 0x0000000090300000| Untracked 
| 260|0x0000000090400000, 0x0000000090400000, 0x0000000090500000|  0%| F|  |TAMS 0x0000000090400000| PB 0x0000000090400000| Untracked 
| 261|0x0000000090500000, 0x0000000090600000, 0x0000000090600000|100%|HS|  |TAMS 0x0000000090500000| PB 0x0000000090500000| Complete 
| 262|0x0000000090600000, 0x0000000090700000, 0x0000000090700000|100%| O|  |TAMS 0x0000000090600000| PB 0x0000000090600000| Untracked 
| 263|0x0000000090700000, 0x0000000090800000, 0x0000000090800000|100%| O|Cm|TAMS 0x0000000090700000| PB 0x0000000090700000| Complete 
| 264|0x0000000090800000, 0x0000000090900000, 0x0000000090900000|100%| O|Cm|TAMS 0x0000000090800000| PB 0x0000000090800000| Complete 
| 265|0x0000000090900000, 0x0000000090a00000, 0x0000000090a00000|100%| O|Cm|TAMS 0x0000000090900000| PB 0x0000000090900000| Complete 
| 266|0x0000000090a00000, 0x0000000090b00000, 0x0000000090b00000|100%| O|  |TAMS 0x0000000090a00000| PB 0x0000000090a00000| Untracked 
| 267|0x0000000090b00000, 0x0000000090c00000, 0x0000000090c00000|100%| O|Cm|TAMS 0x0000000090b00000| PB 0x0000000090b00000| Complete 
| 268|0x0000000090c00000, 0x0000000090d00000, 0x0000000090d00000|100%| O|  |TAMS 0x0000000090c00000| PB 0x0000000090c00000| Untracked 
| 269|0x0000000090d00000, 0x0000000090e00000, 0x0000000090e00000|100%| O|  |TAMS 0x0000000090d00000| PB 0x0000000090d00000| Untracked 
| 270|0x0000000090e00000, 0x0000000090f00000, 0x0000000090f00000|100%| O|  |TAMS 0x0000000090e00000| PB 0x0000000090e00000| Untracked 
| 271|0x0000000090f00000, 0x0000000091000000, 0x0000000091000000|100%| O|  |TAMS 0x0000000090f00000| PB 0x0000000090f00000| Untracked 
| 272|0x0000000091000000, 0x0000000091100000, 0x0000000091100000|100%| O|  |TAMS 0x0000000091000000| PB 0x0000000091000000| Untracked 
| 273|0x0000000091100000, 0x0000000091200000, 0x0000000091200000|100%| O|  |TAMS 0x0000000091100000| PB 0x0000000091100000| Untracked 
| 274|0x0000000091200000, 0x0000000091300000, 0x0000000091300000|100%| O|  |TAMS 0x0000000091200000| PB 0x0000000091200000| Untracked 
| 275|0x0000000091300000, 0x0000000091400000, 0x0000000091400000|100%| O|Cm|TAMS 0x0000000091300000| PB 0x0000000091300000| Complete 
| 276|0x0000000091400000, 0x0000000091500000, 0x0000000091500000|100%| O|  |TAMS 0x0000000091400000| PB 0x0000000091400000| Untracked 
| 277|0x0000000091500000, 0x0000000091500000, 0x0000000091600000|  0%| F|  |TAMS 0x0000000091500000| PB 0x0000000091500000| Untracked 
| 278|0x0000000091600000, 0x0000000091600000, 0x0000000091700000|  0%| F|  |TAMS 0x0000000091600000| PB 0x0000000091600000| Untracked 
| 279|0x0000000091700000, 0x0000000091700000, 0x0000000091800000|  0%| F|  |TAMS 0x0000000091700000| PB 0x0000000091700000| Untracked 
| 280|0x0000000091800000, 0x0000000091800000, 0x0000000091900000|  0%| F|  |TAMS 0x0000000091800000| PB 0x0000000091800000| Untracked 
| 281|0x0000000091900000, 0x0000000091900000, 0x0000000091a00000|  0%| F|  |TAMS 0x0000000091900000| PB 0x0000000091900000| Untracked 
| 282|0x0000000091a00000, 0x0000000091a00000, 0x0000000091b00000|  0%| F|  |TAMS 0x0000000091a00000| PB 0x0000000091a00000| Untracked 
| 283|0x0000000091b00000, 0x0000000091b00000, 0x0000000091c00000|  0%| F|  |TAMS 0x0000000091b00000| PB 0x0000000091b00000| Untracked 
| 284|0x0000000091c00000, 0x0000000091c00000, 0x0000000091d00000|  0%| F|  |TAMS 0x0000000091c00000| PB 0x0000000091c00000| Untracked 
| 285|0x0000000091d00000, 0x0000000091d00000, 0x0000000091e00000|  0%| F|  |TAMS 0x0000000091d00000| PB 0x0000000091d00000| Untracked 
| 286|0x0000000091e00000, 0x0000000091e00000, 0x0000000091f00000|  0%| F|  |TAMS 0x0000000091e00000| PB 0x0000000091e00000| Untracked 
| 287|0x0000000091f00000, 0x0000000091f00000, 0x0000000092000000|  0%| F|  |TAMS 0x0000000091f00000| PB 0x0000000091f00000| Untracked 
| 288|0x0000000092000000, 0x0000000092000000, 0x0000000092100000|  0%| F|  |TAMS 0x0000000092000000| PB 0x0000000092000000| Untracked 
| 289|0x0000000092100000, 0x0000000092100000, 0x0000000092200000|  0%| F|  |TAMS 0x0000000092100000| PB 0x0000000092100000| Untracked 
| 290|0x0000000092200000, 0x0000000092200000, 0x0000000092300000|  0%| F|  |TAMS 0x0000000092200000| PB 0x0000000092200000| Untracked 
| 291|0x0000000092300000, 0x0000000092300000, 0x0000000092400000|  0%| F|  |TAMS 0x0000000092300000| PB 0x0000000092300000| Untracked 
| 292|0x0000000092400000, 0x0000000092400000, 0x0000000092500000|  0%| F|  |TAMS 0x0000000092400000| PB 0x0000000092400000| Untracked 
| 293|0x0000000092500000, 0x0000000092500000, 0x0000000092600000|  0%| F|  |TAMS 0x0000000092500000| PB 0x0000000092500000| Untracked 
| 294|0x0000000092600000, 0x0000000092600000, 0x0000000092700000|  0%| F|  |TAMS 0x0000000092600000| PB 0x0000000092600000| Untracked 
| 295|0x0000000092700000, 0x0000000092700000, 0x0000000092800000|  0%| F|  |TAMS 0x0000000092700000| PB 0x0000000092700000| Untracked 
| 296|0x0000000092800000, 0x0000000092800000, 0x0000000092900000|  0%| F|  |TAMS 0x0000000092800000| PB 0x0000000092800000| Untracked 
| 297|0x0000000092900000, 0x0000000092900000, 0x0000000092a00000|  0%| F|  |TAMS 0x0000000092900000| PB 0x0000000092900000| Untracked 
| 298|0x0000000092a00000, 0x0000000092a00000, 0x0000000092b00000|  0%| F|  |TAMS 0x0000000092a00000| PB 0x0000000092a00000| Untracked 
| 299|0x0000000092b00000, 0x0000000092b00000, 0x0000000092c00000|  0%| F|  |TAMS 0x0000000092b00000| PB 0x0000000092b00000| Untracked 
| 300|0x0000000092c00000, 0x0000000092c00000, 0x0000000092d00000|  0%| F|  |TAMS 0x0000000092c00000| PB 0x0000000092c00000| Untracked 
| 301|0x0000000092d00000, 0x0000000092d00000, 0x0000000092e00000|  0%| F|  |TAMS 0x0000000092d00000| PB 0x0000000092d00000| Untracked 
| 302|0x0000000092e00000, 0x0000000092e00000, 0x0000000092f00000|  0%| F|  |TAMS 0x0000000092e00000| PB 0x0000000092e00000| Untracked 
| 303|0x0000000092f00000, 0x0000000092f00000, 0x0000000093000000|  0%| F|  |TAMS 0x0000000092f00000| PB 0x0000000092f00000| Untracked 
| 304|0x0000000093000000, 0x0000000093000000, 0x0000000093100000|  0%| F|  |TAMS 0x0000000093000000| PB 0x0000000093000000| Untracked 
| 305|0x0000000093100000, 0x0000000093100000, 0x0000000093200000|  0%| F|  |TAMS 0x0000000093100000| PB 0x0000000093100000| Untracked 
| 306|0x0000000093200000, 0x0000000093200000, 0x0000000093300000|  0%| F|  |TAMS 0x0000000093200000| PB 0x0000000093200000| Untracked 
| 307|0x0000000093300000, 0x0000000093300000, 0x0000000093400000|  0%| F|  |TAMS 0x0000000093300000| PB 0x0000000093300000| Untracked 
| 308|0x0000000093400000, 0x0000000093400000, 0x0000000093500000|  0%| F|  |TAMS 0x0000000093400000| PB 0x0000000093400000| Untracked 
| 309|0x0000000093500000, 0x0000000093500000, 0x0000000093600000|  0%| F|  |TAMS 0x0000000093500000| PB 0x0000000093500000| Untracked 
| 310|0x0000000093600000, 0x0000000093600000, 0x0000000093700000|  0%| F|  |TAMS 0x0000000093600000| PB 0x0000000093600000| Untracked 
| 311|0x0000000093700000, 0x0000000093700000, 0x0000000093800000|  0%| F|  |TAMS 0x0000000093700000| PB 0x0000000093700000| Untracked 
| 312|0x0000000093800000, 0x0000000093800000, 0x0000000093900000|  0%| F|  |TAMS 0x0000000093800000| PB 0x0000000093800000| Untracked 
| 313|0x0000000093900000, 0x0000000093900000, 0x0000000093a00000|  0%| F|  |TAMS 0x0000000093900000| PB 0x0000000093900000| Untracked 
| 314|0x0000000093a00000, 0x0000000093a00000, 0x0000000093b00000|  0%| F|  |TAMS 0x0000000093a00000| PB 0x0000000093a00000| Untracked 
| 315|0x0000000093b00000, 0x0000000093b00000, 0x0000000093c00000|  0%| F|  |TAMS 0x0000000093b00000| PB 0x0000000093b00000| Untracked 
| 316|0x0000000093c00000, 0x0000000093c00000, 0x0000000093d00000|  0%| F|  |TAMS 0x0000000093c00000| PB 0x0000000093c00000| Untracked 
| 317|0x0000000093d00000, 0x0000000093d00000, 0x0000000093e00000|  0%| F|  |TAMS 0x0000000093d00000| PB 0x0000000093d00000| Untracked 
| 318|0x0000000093e00000, 0x0000000093e00000, 0x0000000093f00000|  0%| F|  |TAMS 0x0000000093e00000| PB 0x0000000093e00000| Untracked 
| 319|0x0000000093f00000, 0x0000000093f00000, 0x0000000094000000|  0%| F|  |TAMS 0x0000000093f00000| PB 0x0000000093f00000| Untracked 
| 320|0x0000000094000000, 0x0000000094000000, 0x0000000094100000|  0%| F|  |TAMS 0x0000000094000000| PB 0x0000000094000000| Untracked 
| 321|0x0000000094100000, 0x0000000094100000, 0x0000000094200000|  0%| F|  |TAMS 0x0000000094100000| PB 0x0000000094100000| Untracked 
| 322|0x0000000094200000, 0x0000000094200000, 0x0000000094300000|  0%| F|  |TAMS 0x0000000094200000| PB 0x0000000094200000| Untracked 
| 323|0x0000000094300000, 0x0000000094300000, 0x0000000094400000|  0%| F|  |TAMS 0x0000000094300000| PB 0x0000000094300000| Untracked 
| 324|0x0000000094400000, 0x0000000094400000, 0x0000000094500000|  0%| F|  |TAMS 0x0000000094400000| PB 0x0000000094400000| Untracked 
| 325|0x0000000094500000, 0x0000000094500000, 0x0000000094600000|  0%| F|  |TAMS 0x0000000094500000| PB 0x0000000094500000| Untracked 
| 326|0x0000000094600000, 0x0000000094600000, 0x0000000094700000|  0%| F|  |TAMS 0x0000000094600000| PB 0x0000000094600000| Untracked 
| 327|0x0000000094700000, 0x0000000094700000, 0x0000000094800000|  0%| F|  |TAMS 0x0000000094700000| PB 0x0000000094700000| Untracked 
| 328|0x0000000094800000, 0x0000000094800000, 0x0000000094900000|  0%| F|  |TAMS 0x0000000094800000| PB 0x0000000094800000| Untracked 
| 329|0x0000000094900000, 0x0000000094900000, 0x0000000094a00000|  0%| F|  |TAMS 0x0000000094900000| PB 0x0000000094900000| Untracked 
| 330|0x0000000094a00000, 0x0000000094a00000, 0x0000000094b00000|  0%| F|  |TAMS 0x0000000094a00000| PB 0x0000000094a00000| Untracked 
| 331|0x0000000094b00000, 0x0000000094b00000, 0x0000000094c00000|  0%| F|  |TAMS 0x0000000094b00000| PB 0x0000000094b00000| Untracked 
| 332|0x0000000094c00000, 0x0000000094c00000, 0x0000000094d00000|  0%| F|  |TAMS 0x0000000094c00000| PB 0x0000000094c00000| Untracked 
| 333|0x0000000094d00000, 0x0000000094d00000, 0x0000000094e00000|  0%| F|  |TAMS 0x0000000094d00000| PB 0x0000000094d00000| Untracked 
| 334|0x0000000094e00000, 0x0000000094e00000, 0x0000000094f00000|  0%| F|  |TAMS 0x0000000094e00000| PB 0x0000000094e00000| Untracked 
| 335|0x0000000094f00000, 0x0000000094f00000, 0x0000000095000000|  0%| F|  |TAMS 0x0000000094f00000| PB 0x0000000094f00000| Untracked 
| 336|0x0000000095000000, 0x0000000095000000, 0x0000000095100000|  0%| F|  |TAMS 0x0000000095000000| PB 0x0000000095000000| Untracked 
| 337|0x0000000095100000, 0x0000000095100000, 0x0000000095200000|  0%| F|  |TAMS 0x0000000095100000| PB 0x0000000095100000| Untracked 
| 338|0x0000000095200000, 0x0000000095200000, 0x0000000095300000|  0%| F|  |TAMS 0x0000000095200000| PB 0x0000000095200000| Untracked 
| 339|0x0000000095300000, 0x0000000095300000, 0x0000000095400000|  0%| F|  |TAMS 0x0000000095300000| PB 0x0000000095300000| Untracked 
| 340|0x0000000095400000, 0x0000000095400000, 0x0000000095500000|  0%| F|  |TAMS 0x0000000095400000| PB 0x0000000095400000| Untracked 
| 341|0x0000000095500000, 0x0000000095500000, 0x0000000095600000|  0%| F|  |TAMS 0x0000000095500000| PB 0x0000000095500000| Untracked 
| 342|0x0000000095600000, 0x0000000095600000, 0x0000000095700000|  0%| F|  |TAMS 0x0000000095600000| PB 0x0000000095600000| Untracked 
| 343|0x0000000095700000, 0x0000000095700000, 0x0000000095800000|  0%| F|  |TAMS 0x0000000095700000| PB 0x0000000095700000| Untracked 
| 344|0x0000000095800000, 0x0000000095800000, 0x0000000095900000|  0%| F|  |TAMS 0x0000000095800000| PB 0x0000000095800000| Untracked 
| 345|0x0000000095900000, 0x0000000095900000, 0x0000000095a00000|  0%| F|  |TAMS 0x0000000095900000| PB 0x0000000095900000| Untracked 
| 346|0x0000000095a00000, 0x0000000095a00000, 0x0000000095b00000|  0%| F|  |TAMS 0x0000000095a00000| PB 0x0000000095a00000| Untracked 
| 347|0x0000000095b00000, 0x0000000095b00000, 0x0000000095c00000|  0%| F|  |TAMS 0x0000000095b00000| PB 0x0000000095b00000| Untracked 
| 348|0x0000000095c00000, 0x0000000095c00000, 0x0000000095d00000|  0%| F|  |TAMS 0x0000000095c00000| PB 0x0000000095c00000| Untracked 
| 349|0x0000000095d00000, 0x0000000095d00000, 0x0000000095e00000|  0%| F|  |TAMS 0x0000000095d00000| PB 0x0000000095d00000| Untracked 
| 350|0x0000000095e00000, 0x0000000095e00000, 0x0000000095f00000|  0%| F|  |TAMS 0x0000000095e00000| PB 0x0000000095e00000| Untracked 
| 351|0x0000000095f00000, 0x0000000095f00000, 0x0000000096000000|  0%| F|  |TAMS 0x0000000095f00000| PB 0x0000000095f00000| Untracked 
| 352|0x0000000096000000, 0x0000000096000000, 0x0000000096100000|  0%| F|  |TAMS 0x0000000096000000| PB 0x0000000096000000| Untracked 
| 353|0x0000000096100000, 0x0000000096100000, 0x0000000096200000|  0%| F|  |TAMS 0x0000000096100000| PB 0x0000000096100000| Untracked 
| 354|0x0000000096200000, 0x0000000096200000, 0x0000000096300000|  0%| F|  |TAMS 0x0000000096200000| PB 0x0000000096200000| Untracked 
| 355|0x0000000096300000, 0x0000000096300000, 0x0000000096400000|  0%| F|  |TAMS 0x0000000096300000| PB 0x0000000096300000| Untracked 
| 356|0x0000000096400000, 0x0000000096400000, 0x0000000096500000|  0%| F|  |TAMS 0x0000000096400000| PB 0x0000000096400000| Untracked 
| 357|0x0000000096500000, 0x0000000096500000, 0x0000000096600000|  0%| F|  |TAMS 0x0000000096500000| PB 0x0000000096500000| Untracked 
| 358|0x0000000096600000, 0x0000000096600000, 0x0000000096700000|  0%| F|  |TAMS 0x0000000096600000| PB 0x0000000096600000| Untracked 
| 359|0x0000000096700000, 0x0000000096700000, 0x0000000096800000|  0%| F|  |TAMS 0x0000000096700000| PB 0x0000000096700000| Untracked 
| 360|0x0000000096800000, 0x0000000096800000, 0x0000000096900000|  0%| F|  |TAMS 0x0000000096800000| PB 0x0000000096800000| Untracked 
| 361|0x0000000096900000, 0x0000000096900000, 0x0000000096a00000|  0%| F|  |TAMS 0x0000000096900000| PB 0x0000000096900000| Untracked 
| 362|0x0000000096a00000, 0x0000000096a00000, 0x0000000096b00000|  0%| F|  |TAMS 0x0000000096a00000| PB 0x0000000096a00000| Untracked 
| 363|0x0000000096b00000, 0x0000000096b00000, 0x0000000096c00000|  0%| F|  |TAMS 0x0000000096b00000| PB 0x0000000096b00000| Untracked 
| 364|0x0000000096c00000, 0x0000000096c00000, 0x0000000096d00000|  0%| F|  |TAMS 0x0000000096c00000| PB 0x0000000096c00000| Untracked 
| 365|0x0000000096d00000, 0x0000000096d00000, 0x0000000096e00000|  0%| F|  |TAMS 0x0000000096d00000| PB 0x0000000096d00000| Untracked 
| 366|0x0000000096e00000, 0x0000000096e00000, 0x0000000096f00000|  0%| F|  |TAMS 0x0000000096e00000| PB 0x0000000096e00000| Untracked 
| 367|0x0000000096f00000, 0x0000000096f00000, 0x0000000097000000|  0%| F|  |TAMS 0x0000000096f00000| PB 0x0000000096f00000| Untracked 
| 368|0x0000000097000000, 0x0000000097000000, 0x0000000097100000|  0%| F|  |TAMS 0x0000000097000000| PB 0x0000000097000000| Untracked 
| 369|0x0000000097100000, 0x0000000097100000, 0x0000000097200000|  0%| F|  |TAMS 0x0000000097100000| PB 0x0000000097100000| Untracked 
| 370|0x0000000097200000, 0x0000000097200000, 0x0000000097300000|  0%| F|  |TAMS 0x0000000097200000| PB 0x0000000097200000| Untracked 
| 371|0x0000000097300000, 0x0000000097300000, 0x0000000097400000|  0%| F|  |TAMS 0x0000000097300000| PB 0x0000000097300000| Untracked 
| 372|0x0000000097400000, 0x0000000097400000, 0x0000000097500000|  0%| F|  |TAMS 0x0000000097400000| PB 0x0000000097400000| Untracked 
| 373|0x0000000097500000, 0x0000000097500000, 0x0000000097600000|  0%| F|  |TAMS 0x0000000097500000| PB 0x0000000097500000| Untracked 
| 374|0x0000000097600000, 0x0000000097600000, 0x0000000097700000|  0%| F|  |TAMS 0x0000000097600000| PB 0x0000000097600000| Untracked 
| 375|0x0000000097700000, 0x0000000097700000, 0x0000000097800000|  0%| F|  |TAMS 0x0000000097700000| PB 0x0000000097700000| Untracked 
| 376|0x0000000097800000, 0x0000000097800000, 0x0000000097900000|  0%| F|  |TAMS 0x0000000097800000| PB 0x0000000097800000| Untracked 
| 377|0x0000000097900000, 0x0000000097900000, 0x0000000097a00000|  0%| F|  |TAMS 0x0000000097900000| PB 0x0000000097900000| Untracked 
| 378|0x0000000097a00000, 0x0000000097a00000, 0x0000000097b00000|  0%| F|  |TAMS 0x0000000097a00000| PB 0x0000000097a00000| Untracked 
| 379|0x0000000097b00000, 0x0000000097b00000, 0x0000000097c00000|  0%| F|  |TAMS 0x0000000097b00000| PB 0x0000000097b00000| Untracked 
| 380|0x0000000097c00000, 0x0000000097c00000, 0x0000000097d00000|  0%| F|  |TAMS 0x0000000097c00000| PB 0x0000000097c00000| Untracked 
| 381|0x0000000097d00000, 0x0000000097d00000, 0x0000000097e00000|  0%| F|  |TAMS 0x0000000097d00000| PB 0x0000000097d00000| Untracked 
| 382|0x0000000097e00000, 0x0000000097e00000, 0x0000000097f00000|  0%| F|  |TAMS 0x0000000097e00000| PB 0x0000000097e00000| Untracked 
| 383|0x0000000097f00000, 0x0000000097f00000, 0x0000000098000000|  0%| F|  |TAMS 0x0000000097f00000| PB 0x0000000097f00000| Untracked 
| 384|0x0000000098000000, 0x0000000098000000, 0x0000000098100000|  0%| F|  |TAMS 0x0000000098000000| PB 0x0000000098000000| Untracked 
| 385|0x0000000098100000, 0x0000000098100000, 0x0000000098200000|  0%| F|  |TAMS 0x0000000098100000| PB 0x0000000098100000| Untracked 
| 386|0x0000000098200000, 0x0000000098200000, 0x0000000098300000|  0%| F|  |TAMS 0x0000000098200000| PB 0x0000000098200000| Untracked 
| 387|0x0000000098300000, 0x0000000098300000, 0x0000000098400000|  0%| F|  |TAMS 0x0000000098300000| PB 0x0000000098300000| Untracked 
| 388|0x0000000098400000, 0x0000000098400000, 0x0000000098500000|  0%| F|  |TAMS 0x0000000098400000| PB 0x0000000098400000| Untracked 
| 389|0x0000000098500000, 0x0000000098500000, 0x0000000098600000|  0%| F|  |TAMS 0x0000000098500000| PB 0x0000000098500000| Untracked 
| 390|0x0000000098600000, 0x0000000098600000, 0x0000000098700000|  0%| F|  |TAMS 0x0000000098600000| PB 0x0000000098600000| Untracked 
| 391|0x0000000098700000, 0x0000000098700000, 0x0000000098800000|  0%| F|  |TAMS 0x0000000098700000| PB 0x0000000098700000| Untracked 
| 392|0x0000000098800000, 0x0000000098800000, 0x0000000098900000|  0%| F|  |TAMS 0x0000000098800000| PB 0x0000000098800000| Untracked 
| 393|0x0000000098900000, 0x0000000098900000, 0x0000000098a00000|  0%| F|  |TAMS 0x0000000098900000| PB 0x0000000098900000| Untracked 
| 394|0x0000000098a00000, 0x0000000098a00000, 0x0000000098b00000|  0%| F|  |TAMS 0x0000000098a00000| PB 0x0000000098a00000| Untracked 
| 395|0x0000000098b00000, 0x0000000098b00000, 0x0000000098c00000|  0%| F|  |TAMS 0x0000000098b00000| PB 0x0000000098b00000| Untracked 
| 396|0x0000000098c00000, 0x0000000098c00000, 0x0000000098d00000|  0%| F|  |TAMS 0x0000000098c00000| PB 0x0000000098c00000| Untracked 
| 397|0x0000000098d00000, 0x0000000098d00000, 0x0000000098e00000|  0%| F|  |TAMS 0x0000000098d00000| PB 0x0000000098d00000| Untracked 
| 398|0x0000000098e00000, 0x0000000098e00000, 0x0000000098f00000|  0%| F|  |TAMS 0x0000000098e00000| PB 0x0000000098e00000| Untracked 
| 399|0x0000000098f00000, 0x0000000098f00000, 0x0000000099000000|  0%| F|  |TAMS 0x0000000098f00000| PB 0x0000000098f00000| Untracked 
| 400|0x0000000099000000, 0x0000000099000000, 0x0000000099100000|  0%| F|  |TAMS 0x0000000099000000| PB 0x0000000099000000| Untracked 
| 401|0x0000000099100000, 0x0000000099100000, 0x0000000099200000|  0%| F|  |TAMS 0x0000000099100000| PB 0x0000000099100000| Untracked 
| 402|0x0000000099200000, 0x0000000099200000, 0x0000000099300000|  0%| F|  |TAMS 0x0000000099200000| PB 0x0000000099200000| Untracked 
| 403|0x0000000099300000, 0x0000000099300000, 0x0000000099400000|  0%| F|  |TAMS 0x0000000099300000| PB 0x0000000099300000| Untracked 
| 404|0x0000000099400000, 0x0000000099400000, 0x0000000099500000|  0%| F|  |TAMS 0x0000000099400000| PB 0x0000000099400000| Untracked 
| 405|0x0000000099500000, 0x0000000099500000, 0x0000000099600000|  0%| F|  |TAMS 0x0000000099500000| PB 0x0000000099500000| Untracked 
| 406|0x0000000099600000, 0x0000000099600000, 0x0000000099700000|  0%| F|  |TAMS 0x0000000099600000| PB 0x0000000099600000| Untracked 
| 407|0x0000000099700000, 0x0000000099700000, 0x0000000099800000|  0%| F|  |TAMS 0x0000000099700000| PB 0x0000000099700000| Untracked 
| 408|0x0000000099800000, 0x0000000099800000, 0x0000000099900000|  0%| F|  |TAMS 0x0000000099800000| PB 0x0000000099800000| Untracked 
| 409|0x0000000099900000, 0x0000000099900000, 0x0000000099a00000|  0%| F|  |TAMS 0x0000000099900000| PB 0x0000000099900000| Untracked 
| 410|0x0000000099a00000, 0x0000000099a00000, 0x0000000099b00000|  0%| F|  |TAMS 0x0000000099a00000| PB 0x0000000099a00000| Untracked 
| 411|0x0000000099b00000, 0x0000000099b00000, 0x0000000099c00000|  0%| F|  |TAMS 0x0000000099b00000| PB 0x0000000099b00000| Untracked 
| 412|0x0000000099c00000, 0x0000000099c00000, 0x0000000099d00000|  0%| F|  |TAMS 0x0000000099c00000| PB 0x0000000099c00000| Untracked 
| 413|0x0000000099d00000, 0x0000000099d00000, 0x0000000099e00000|  0%| F|  |TAMS 0x0000000099d00000| PB 0x0000000099d00000| Untracked 
| 414|0x0000000099e00000, 0x0000000099e00000, 0x0000000099f00000|  0%| F|  |TAMS 0x0000000099e00000| PB 0x0000000099e00000| Untracked 
| 415|0x0000000099f00000, 0x0000000099f00000, 0x000000009a000000|  0%| F|  |TAMS 0x0000000099f00000| PB 0x0000000099f00000| Untracked 
| 416|0x000000009a000000, 0x000000009a000000, 0x000000009a100000|  0%| F|  |TAMS 0x000000009a000000| PB 0x000000009a000000| Untracked 
| 417|0x000000009a100000, 0x000000009a100000, 0x000000009a200000|  0%| F|  |TAMS 0x000000009a100000| PB 0x000000009a100000| Untracked 
| 418|0x000000009a200000, 0x000000009a200000, 0x000000009a300000|  0%| F|  |TAMS 0x000000009a200000| PB 0x000000009a200000| Untracked 
| 419|0x000000009a300000, 0x000000009a300000, 0x000000009a400000|  0%| F|  |TAMS 0x000000009a300000| PB 0x000000009a300000| Untracked 
| 420|0x000000009a400000, 0x000000009a400000, 0x000000009a500000|  0%| F|  |TAMS 0x000000009a400000| PB 0x000000009a400000| Untracked 
| 421|0x000000009a500000, 0x000000009a500000, 0x000000009a600000|  0%| F|  |TAMS 0x000000009a500000| PB 0x000000009a500000| Untracked 
| 422|0x000000009a600000, 0x000000009a600000, 0x000000009a700000|  0%| F|  |TAMS 0x000000009a600000| PB 0x000000009a600000| Untracked 
| 423|0x000000009a700000, 0x000000009a700000, 0x000000009a800000|  0%| F|  |TAMS 0x000000009a700000| PB 0x000000009a700000| Untracked 
| 424|0x000000009a800000, 0x000000009a800000, 0x000000009a900000|  0%| F|  |TAMS 0x000000009a800000| PB 0x000000009a800000| Untracked 
| 425|0x000000009a900000, 0x000000009a900000, 0x000000009aa00000|  0%| F|  |TAMS 0x000000009a900000| PB 0x000000009a900000| Untracked 
| 426|0x000000009aa00000, 0x000000009aa00000, 0x000000009ab00000|  0%| F|  |TAMS 0x000000009aa00000| PB 0x000000009aa00000| Untracked 
| 427|0x000000009ab00000, 0x000000009abab2d0, 0x000000009ac00000| 66%| S|CS|TAMS 0x000000009ab00000| PB 0x000000009ab00000| Complete 
| 428|0x000000009ac00000, 0x000000009ad00000, 0x000000009ad00000|100%| S|CS|TAMS 0x000000009ac00000| PB 0x000000009ac00000| Complete 
| 429|0x000000009ad00000, 0x000000009ae00000, 0x000000009ae00000|100%| S|CS|TAMS 0x000000009ad00000| PB 0x000000009ad00000| Complete 
| 430|0x000000009ae00000, 0x000000009af00000, 0x000000009af00000|100%| S|CS|TAMS 0x000000009ae00000| PB 0x000000009ae00000| Complete 
| 431|0x000000009af00000, 0x000000009b000000, 0x000000009b000000|100%| S|CS|TAMS 0x000000009af00000| PB 0x000000009af00000| Complete 
| 432|0x000000009b000000, 0x000000009b000000, 0x000000009b100000|  0%| F|  |TAMS 0x000000009b000000| PB 0x000000009b000000| Untracked 
| 433|0x000000009b100000, 0x000000009b100000, 0x000000009b200000|  0%| F|  |TAMS 0x000000009b100000| PB 0x000000009b100000| Untracked 
| 434|0x000000009b200000, 0x000000009b200000, 0x000000009b300000|  0%| F|  |TAMS 0x000000009b200000| PB 0x000000009b200000| Untracked 
| 435|0x000000009b300000, 0x000000009b300000, 0x000000009b400000|  0%| F|  |TAMS 0x000000009b300000| PB 0x000000009b300000| Untracked 
| 436|0x000000009b400000, 0x000000009b400000, 0x000000009b500000|  0%| F|  |TAMS 0x000000009b400000| PB 0x000000009b400000| Untracked 
| 437|0x000000009b500000, 0x000000009b500000, 0x000000009b600000|  0%| F|  |TAMS 0x000000009b500000| PB 0x000000009b500000| Untracked 
| 438|0x000000009b600000, 0x000000009b600000, 0x000000009b700000|  0%| F|  |TAMS 0x000000009b600000| PB 0x000000009b600000| Untracked 
| 439|0x000000009b700000, 0x000000009b700000, 0x000000009b800000|  0%| F|  |TAMS 0x000000009b700000| PB 0x000000009b700000| Untracked 
| 440|0x000000009b800000, 0x000000009b800000, 0x000000009b900000|  0%| F|  |TAMS 0x000000009b800000| PB 0x000000009b800000| Untracked 
| 441|0x000000009b900000, 0x000000009b900000, 0x000000009ba00000|  0%| F|  |TAMS 0x000000009b900000| PB 0x000000009b900000| Untracked 
| 442|0x000000009ba00000, 0x000000009ba00000, 0x000000009bb00000|  0%| F|  |TAMS 0x000000009ba00000| PB 0x000000009ba00000| Untracked 
| 443|0x000000009bb00000, 0x000000009bb00000, 0x000000009bc00000|  0%| F|  |TAMS 0x000000009bb00000| PB 0x000000009bb00000| Untracked 
| 444|0x000000009bc00000, 0x000000009bc00000, 0x000000009bd00000|  0%| F|  |TAMS 0x000000009bc00000| PB 0x000000009bc00000| Untracked 
| 445|0x000000009bd00000, 0x000000009bd00000, 0x000000009be00000|  0%| F|  |TAMS 0x000000009bd00000| PB 0x000000009bd00000| Untracked 
| 446|0x000000009be00000, 0x000000009be00000, 0x000000009bf00000|  0%| F|  |TAMS 0x000000009be00000| PB 0x000000009be00000| Untracked 
| 447|0x000000009bf00000, 0x000000009bf00000, 0x000000009c000000|  0%| F|  |TAMS 0x000000009bf00000| PB 0x000000009bf00000| Untracked 
| 448|0x000000009c000000, 0x000000009c000000, 0x000000009c100000|  0%| F|  |TAMS 0x000000009c000000| PB 0x000000009c000000| Untracked 
| 449|0x000000009c100000, 0x000000009c100000, 0x000000009c200000|  0%| F|  |TAMS 0x000000009c100000| PB 0x000000009c100000| Untracked 
| 450|0x000000009c200000, 0x000000009c200000, 0x000000009c300000|  0%| F|  |TAMS 0x000000009c200000| PB 0x000000009c200000| Untracked 
| 451|0x000000009c300000, 0x000000009c300000, 0x000000009c400000|  0%| F|  |TAMS 0x000000009c300000| PB 0x000000009c300000| Untracked 
| 452|0x000000009c400000, 0x000000009c400000, 0x000000009c500000|  0%| F|  |TAMS 0x000000009c400000| PB 0x000000009c400000| Untracked 
| 453|0x000000009c500000, 0x000000009c500000, 0x000000009c600000|  0%| F|  |TAMS 0x000000009c500000| PB 0x000000009c500000| Untracked 
| 454|0x000000009c600000, 0x000000009c600000, 0x000000009c700000|  0%| F|  |TAMS 0x000000009c600000| PB 0x000000009c600000| Untracked 
| 455|0x000000009c700000, 0x000000009c700000, 0x000000009c800000|  0%| F|  |TAMS 0x000000009c700000| PB 0x000000009c700000| Untracked 
| 456|0x000000009c800000, 0x000000009c800000, 0x000000009c900000|  0%| F|  |TAMS 0x000000009c800000| PB 0x000000009c800000| Untracked 
| 457|0x000000009c900000, 0x000000009c900000, 0x000000009ca00000|  0%| F|  |TAMS 0x000000009c900000| PB 0x000000009c900000| Untracked 
| 458|0x000000009ca00000, 0x000000009ca00000, 0x000000009cb00000|  0%| F|  |TAMS 0x000000009ca00000| PB 0x000000009ca00000| Untracked 
| 459|0x000000009cb00000, 0x000000009cb00000, 0x000000009cc00000|  0%| F|  |TAMS 0x000000009cb00000| PB 0x000000009cb00000| Untracked 
| 460|0x000000009cc00000, 0x000000009cc00000, 0x000000009cd00000|  0%| F|  |TAMS 0x000000009cc00000| PB 0x000000009cc00000| Untracked 
| 461|0x000000009cd00000, 0x000000009cd00000, 0x000000009ce00000|  0%| F|  |TAMS 0x000000009cd00000| PB 0x000000009cd00000| Untracked 
| 462|0x000000009ce00000, 0x000000009ce00000, 0x000000009cf00000|  0%| F|  |TAMS 0x000000009ce00000| PB 0x000000009ce00000| Untracked 
| 463|0x000000009cf00000, 0x000000009cf00000, 0x000000009d000000|  0%| F|  |TAMS 0x000000009cf00000| PB 0x000000009cf00000| Untracked 
| 464|0x000000009d000000, 0x000000009d000000, 0x000000009d100000|  0%| F|  |TAMS 0x000000009d000000| PB 0x000000009d000000| Untracked 
| 465|0x000000009d100000, 0x000000009d100000, 0x000000009d200000|  0%| F|  |TAMS 0x000000009d100000| PB 0x000000009d100000| Untracked 
| 466|0x000000009d200000, 0x000000009d200000, 0x000000009d300000|  0%| F|  |TAMS 0x000000009d200000| PB 0x000000009d200000| Untracked 
| 467|0x000000009d300000, 0x000000009d300000, 0x000000009d400000|  0%| F|  |TAMS 0x000000009d300000| PB 0x000000009d300000| Untracked 
| 468|0x000000009d400000, 0x000000009d400000, 0x000000009d500000|  0%| F|  |TAMS 0x000000009d400000| PB 0x000000009d400000| Untracked 
| 469|0x000000009d500000, 0x000000009d500000, 0x000000009d600000|  0%| F|  |TAMS 0x000000009d500000| PB 0x000000009d500000| Untracked 
| 470|0x000000009d600000, 0x000000009d600000, 0x000000009d700000|  0%| F|  |TAMS 0x000000009d600000| PB 0x000000009d600000| Untracked 
| 471|0x000000009d700000, 0x000000009d700000, 0x000000009d800000|  0%| F|  |TAMS 0x000000009d700000| PB 0x000000009d700000| Untracked 
| 472|0x000000009d800000, 0x000000009d800000, 0x000000009d900000|  0%| F|  |TAMS 0x000000009d800000| PB 0x000000009d800000| Untracked 
| 473|0x000000009d900000, 0x000000009d900000, 0x000000009da00000|  0%| F|  |TAMS 0x000000009d900000| PB 0x000000009d900000| Untracked 
| 474|0x000000009da00000, 0x000000009da00000, 0x000000009db00000|  0%| F|  |TAMS 0x000000009da00000| PB 0x000000009da00000| Untracked 
| 475|0x000000009db00000, 0x000000009db00000, 0x000000009dc00000|  0%| F|  |TAMS 0x000000009db00000| PB 0x000000009db00000| Untracked 
| 476|0x000000009dc00000, 0x000000009dc00000, 0x000000009dd00000|  0%| F|  |TAMS 0x000000009dc00000| PB 0x000000009dc00000| Untracked 
| 477|0x000000009dd00000, 0x000000009dd00000, 0x000000009de00000|  0%| F|  |TAMS 0x000000009dd00000| PB 0x000000009dd00000| Untracked 
| 478|0x000000009de00000, 0x000000009de00000, 0x000000009df00000|  0%| F|  |TAMS 0x000000009de00000| PB 0x000000009de00000| Untracked 
| 479|0x000000009df00000, 0x000000009df00000, 0x000000009e000000|  0%| F|  |TAMS 0x000000009df00000| PB 0x000000009df00000| Untracked 
| 480|0x000000009e000000, 0x000000009e000000, 0x000000009e100000|  0%| F|  |TAMS 0x000000009e000000| PB 0x000000009e000000| Untracked 
| 481|0x000000009e100000, 0x000000009e100000, 0x000000009e200000|  0%| F|  |TAMS 0x000000009e100000| PB 0x000000009e100000| Untracked 
| 482|0x000000009e200000, 0x000000009e200000, 0x000000009e300000|  0%| F|  |TAMS 0x000000009e200000| PB 0x000000009e200000| Untracked 
| 483|0x000000009e300000, 0x000000009e300000, 0x000000009e400000|  0%| F|  |TAMS 0x000000009e300000| PB 0x000000009e300000| Untracked 
| 484|0x000000009e400000, 0x000000009e400000, 0x000000009e500000|  0%| F|  |TAMS 0x000000009e400000| PB 0x000000009e400000| Untracked 
| 485|0x000000009e500000, 0x000000009e500000, 0x000000009e600000|  0%| F|  |TAMS 0x000000009e500000| PB 0x000000009e500000| Untracked 
| 486|0x000000009e600000, 0x000000009e600000, 0x000000009e700000|  0%| F|  |TAMS 0x000000009e600000| PB 0x000000009e600000| Untracked 
| 487|0x000000009e700000, 0x000000009e700000, 0x000000009e800000|  0%| F|  |TAMS 0x000000009e700000| PB 0x000000009e700000| Untracked 
| 488|0x000000009e800000, 0x000000009e800000, 0x000000009e900000|  0%| F|  |TAMS 0x000000009e800000| PB 0x000000009e800000| Untracked 
| 489|0x000000009e900000, 0x000000009e990e78, 0x000000009ea00000| 56%| E|  |TAMS 0x000000009e900000| PB 0x000000009e900000| Complete 
| 490|0x000000009ea00000, 0x000000009eb00000, 0x000000009eb00000|100%| E|CS|TAMS 0x000000009ea00000| PB 0x000000009ea00000| Complete 
| 491|0x000000009eb00000, 0x000000009ec00000, 0x000000009ec00000|100%| E|CS|TAMS 0x000000009eb00000| PB 0x000000009eb00000| Complete 
| 492|0x000000009ec00000, 0x000000009ed00000, 0x000000009ed00000|100%| E|CS|TAMS 0x000000009ec00000| PB 0x000000009ec00000| Complete 
| 493|0x000000009ed00000, 0x000000009ee00000, 0x000000009ee00000|100%| E|CS|TAMS 0x000000009ed00000| PB 0x000000009ed00000| Complete 
| 494|0x000000009ee00000, 0x000000009ef00000, 0x000000009ef00000|100%| E|CS|TAMS 0x000000009ee00000| PB 0x000000009ee00000| Complete 
| 495|0x000000009ef00000, 0x000000009f000000, 0x000000009f000000|100%| E|CS|TAMS 0x000000009ef00000| PB 0x000000009ef00000| Complete 
| 496|0x000000009f000000, 0x000000009f100000, 0x000000009f100000|100%| E|CS|TAMS 0x000000009f000000| PB 0x000000009f000000| Complete 
| 497|0x000000009f100000, 0x000000009f200000, 0x000000009f200000|100%| E|CS|TAMS 0x000000009f100000| PB 0x000000009f100000| Complete 
| 498|0x000000009f200000, 0x000000009f300000, 0x000000009f300000|100%| E|CS|TAMS 0x000000009f200000| PB 0x000000009f200000| Complete 
| 499|0x000000009f300000, 0x000000009f400000, 0x000000009f400000|100%| E|CS|TAMS 0x000000009f300000| PB 0x000000009f300000| Complete 
| 500|0x000000009f400000, 0x000000009f500000, 0x000000009f500000|100%| E|CS|TAMS 0x000000009f400000| PB 0x000000009f400000| Complete 
| 501|0x000000009f500000, 0x000000009f600000, 0x000000009f600000|100%| E|CS|TAMS 0x000000009f500000| PB 0x000000009f500000| Complete 
| 502|0x000000009f600000, 0x000000009f700000, 0x000000009f700000|100%| E|CS|TAMS 0x000000009f600000| PB 0x000000009f600000| Complete 
| 503|0x000000009f700000, 0x000000009f800000, 0x000000009f800000|100%| E|CS|TAMS 0x000000009f700000| PB 0x000000009f700000| Complete 
| 504|0x000000009f800000, 0x000000009f900000, 0x000000009f900000|100%| E|CS|TAMS 0x000000009f800000| PB 0x000000009f800000| Complete 
| 505|0x000000009f900000, 0x000000009fa00000, 0x000000009fa00000|100%| E|CS|TAMS 0x000000009f900000| PB 0x000000009f900000| Complete 
| 506|0x000000009fa00000, 0x000000009fb00000, 0x000000009fb00000|100%| E|CS|TAMS 0x000000009fa00000| PB 0x000000009fa00000| Complete 
| 507|0x000000009fb00000, 0x000000009fc00000, 0x000000009fc00000|100%| E|CS|TAMS 0x000000009fb00000| PB 0x000000009fb00000| Complete 
| 508|0x000000009fc00000, 0x000000009fd00000, 0x000000009fd00000|100%| E|CS|TAMS 0x000000009fc00000| PB 0x000000009fc00000| Complete 
| 509|0x000000009fd00000, 0x000000009fe00000, 0x000000009fe00000|100%| E|CS|TAMS 0x000000009fd00000| PB 0x000000009fd00000| Complete 
| 510|0x000000009fe00000, 0x000000009ff00000, 0x000000009ff00000|100%| E|CS|TAMS 0x000000009fe00000| PB 0x000000009fe00000| Complete 
| 511|0x000000009ff00000, 0x00000000a0000000, 0x00000000a0000000|100%| E|CS|TAMS 0x000000009ff00000| PB 0x000000009ff00000| Complete 
| 512|0x00000000a0000000, 0x00000000a0100000, 0x00000000a0100000|100%| E|CS|TAMS 0x00000000a0000000| PB 0x00000000a0000000| Complete 
| 513|0x00000000a0100000, 0x00000000a0200000, 0x00000000a0200000|100%| E|CS|TAMS 0x00000000a0100000| PB 0x00000000a0100000| Complete 
| 514|0x00000000a0200000, 0x00000000a0300000, 0x00000000a0300000|100%| E|CS|TAMS 0x00000000a0200000| PB 0x00000000a0200000| Complete 
| 515|0x00000000a0300000, 0x00000000a0400000, 0x00000000a0400000|100%| E|CS|TAMS 0x00000000a0300000| PB 0x00000000a0300000| Complete 
| 516|0x00000000a0400000, 0x00000000a0500000, 0x00000000a0500000|100%| E|CS|TAMS 0x00000000a0400000| PB 0x00000000a0400000| Complete 
| 517|0x00000000a0500000, 0x00000000a0600000, 0x00000000a0600000|100%| E|CS|TAMS 0x00000000a0500000| PB 0x00000000a0500000| Complete 
| 518|0x00000000a0600000, 0x00000000a0700000, 0x00000000a0700000|100%| E|CS|TAMS 0x00000000a0600000| PB 0x00000000a0600000| Complete 
| 519|0x00000000a0700000, 0x00000000a0800000, 0x00000000a0800000|100%| E|CS|TAMS 0x00000000a0700000| PB 0x00000000a0700000| Complete 
| 520|0x00000000a0800000, 0x00000000a0900000, 0x00000000a0900000|100%| E|CS|TAMS 0x00000000a0800000| PB 0x00000000a0800000| Complete 
| 521|0x00000000a0900000, 0x00000000a0a00000, 0x00000000a0a00000|100%| E|CS|TAMS 0x00000000a0900000| PB 0x00000000a0900000| Complete 
| 522|0x00000000a0a00000, 0x00000000a0b00000, 0x00000000a0b00000|100%| E|CS|TAMS 0x00000000a0a00000| PB 0x00000000a0a00000| Complete 
| 523|0x00000000a0b00000, 0x00000000a0c00000, 0x00000000a0c00000|100%| E|CS|TAMS 0x00000000a0b00000| PB 0x00000000a0b00000| Complete 
| 524|0x00000000a0c00000, 0x00000000a0d00000, 0x00000000a0d00000|100%| E|CS|TAMS 0x00000000a0c00000| PB 0x00000000a0c00000| Complete 
| 525|0x00000000a0d00000, 0x00000000a0e00000, 0x00000000a0e00000|100%| E|CS|TAMS 0x00000000a0d00000| PB 0x00000000a0d00000| Complete 
| 526|0x00000000a0e00000, 0x00000000a0f00000, 0x00000000a0f00000|100%| E|CS|TAMS 0x00000000a0e00000| PB 0x00000000a0e00000| Complete 
| 527|0x00000000a0f00000, 0x00000000a1000000, 0x00000000a1000000|100%| E|CS|TAMS 0x00000000a0f00000| PB 0x00000000a0f00000| Complete 
| 528|0x00000000a1000000, 0x00000000a1100000, 0x00000000a1100000|100%| E|CS|TAMS 0x00000000a1000000| PB 0x00000000a1000000| Complete 
| 529|0x00000000a1100000, 0x00000000a1200000, 0x00000000a1200000|100%| E|CS|TAMS 0x00000000a1100000| PB 0x00000000a1100000| Complete 
| 530|0x00000000a1200000, 0x00000000a1300000, 0x00000000a1300000|100%| E|CS|TAMS 0x00000000a1200000| PB 0x00000000a1200000| Complete 
| 531|0x00000000a1300000, 0x00000000a1400000, 0x00000000a1400000|100%| E|CS|TAMS 0x00000000a1300000| PB 0x00000000a1300000| Complete 
| 532|0x00000000a1400000, 0x00000000a1500000, 0x00000000a1500000|100%| E|CS|TAMS 0x00000000a1400000| PB 0x00000000a1400000| Complete 
| 533|0x00000000a1500000, 0x00000000a1600000, 0x00000000a1600000|100%| E|CS|TAMS 0x00000000a1500000| PB 0x00000000a1500000| Complete 
| 534|0x00000000a1600000, 0x00000000a1700000, 0x00000000a1700000|100%| E|CS|TAMS 0x00000000a1600000| PB 0x00000000a1600000| Complete 
| 535|0x00000000a1700000, 0x00000000a1800000, 0x00000000a1800000|100%| E|CS|TAMS 0x00000000a1700000| PB 0x00000000a1700000| Complete 
| 536|0x00000000a1800000, 0x00000000a1900000, 0x00000000a1900000|100%| E|CS|TAMS 0x00000000a1800000| PB 0x00000000a1800000| Complete 
| 537|0x00000000a1900000, 0x00000000a1a00000, 0x00000000a1a00000|100%| E|CS|TAMS 0x00000000a1900000| PB 0x00000000a1900000| Complete 
| 538|0x00000000a1a00000, 0x00000000a1b00000, 0x00000000a1b00000|100%| E|CS|TAMS 0x00000000a1a00000| PB 0x00000000a1a00000| Complete 
| 539|0x00000000a1b00000, 0x00000000a1c00000, 0x00000000a1c00000|100%| E|CS|TAMS 0x00000000a1b00000| PB 0x00000000a1b00000| Complete 
| 540|0x00000000a1c00000, 0x00000000a1d00000, 0x00000000a1d00000|100%| E|CS|TAMS 0x00000000a1c00000| PB 0x00000000a1c00000| Complete 
| 541|0x00000000a1d00000, 0x00000000a1e00000, 0x00000000a1e00000|100%| E|CS|TAMS 0x00000000a1d00000| PB 0x00000000a1d00000| Complete 
| 542|0x00000000a1e00000, 0x00000000a1f00000, 0x00000000a1f00000|100%| E|CS|TAMS 0x00000000a1e00000| PB 0x00000000a1e00000| Complete 
| 543|0x00000000a1f00000, 0x00000000a2000000, 0x00000000a2000000|100%| E|CS|TAMS 0x00000000a1f00000| PB 0x00000000a1f00000| Complete 
| 544|0x00000000a2000000, 0x00000000a2100000, 0x00000000a2100000|100%| E|CS|TAMS 0x00000000a2000000| PB 0x00000000a2000000| Complete 
| 545|0x00000000a2100000, 0x00000000a2200000, 0x00000000a2200000|100%| E|CS|TAMS 0x00000000a2100000| PB 0x00000000a2100000| Complete 
| 546|0x00000000a2200000, 0x00000000a2300000, 0x00000000a2300000|100%| E|CS|TAMS 0x00000000a2200000| PB 0x00000000a2200000| Complete 
| 547|0x00000000a2300000, 0x00000000a2400000, 0x00000000a2400000|100%| E|CS|TAMS 0x00000000a2300000| PB 0x00000000a2300000| Complete 
|2001|0x00000000fd100000, 0x00000000fd200000, 0x00000000fd200000|100%| O|Cm|TAMS 0x00000000fd100000| PB 0x00000000fd100000| Complete 
|2002|0x00000000fd200000, 0x00000000fd300000, 0x00000000fd300000|100%| E|CS|TAMS 0x00000000fd200000| PB 0x00000000fd200000| Complete 
|2003|0x00000000fd300000, 0x00000000fd400000, 0x00000000fd400000|100%| O|Cm|TAMS 0x00000000fd300000| PB 0x00000000fd300000| Complete 
|2004|0x00000000fd400000, 0x00000000fd500000, 0x00000000fd500000|100%| O|  |TAMS 0x00000000fd400000| PB 0x00000000fd400000| Untracked 
|2005|0x00000000fd500000, 0x00000000fd600000, 0x00000000fd600000|100%| O|  |TAMS 0x00000000fd500000| PB 0x00000000fd500000| Untracked 
|2006|0x00000000fd600000, 0x00000000fd700000, 0x00000000fd700000|100%| O|Cm|TAMS 0x00000000fd600000| PB 0x00000000fd600000| Complete 
|2007|0x00000000fd700000, 0x00000000fd800000, 0x00000000fd800000|100%| E|CS|TAMS 0x00000000fd700000| PB 0x00000000fd700000| Complete 
|2008|0x00000000fd800000, 0x00000000fd900000, 0x00000000fd900000|100%| O|  |TAMS 0x00000000fd800000| PB 0x00000000fd800000| Untracked 
|2009|0x00000000fd900000, 0x00000000fda00000, 0x00000000fda00000|100%| O|Cm|TAMS 0x00000000fd900000| PB 0x00000000fd900000| Complete 
|2010|0x00000000fda00000, 0x00000000fdb00000, 0x00000000fdb00000|100%| O|Cm|TAMS 0x00000000fda00000| PB 0x00000000fda00000| Complete 
|2011|0x00000000fdb00000, 0x00000000fdc00000, 0x00000000fdc00000|100%| O|Cm|TAMS 0x00000000fdb00000| PB 0x00000000fdb00000| Complete 
|2012|0x00000000fdc00000, 0x00000000fdd00000, 0x00000000fdd00000|100%| O|Cm|TAMS 0x00000000fdc00000| PB 0x00000000fdc00000| Complete 
|2013|0x00000000fdd00000, 0x00000000fde00000, 0x00000000fde00000|100%| O|Cm|TAMS 0x00000000fdd00000| PB 0x00000000fdd00000| Complete 
|2014|0x00000000fde00000, 0x00000000fdf00000, 0x00000000fdf00000|100%| O|Cm|TAMS 0x00000000fde00000| PB 0x00000000fde00000| Complete 
|2015|0x00000000fdf00000, 0x00000000fe000000, 0x00000000fe000000|100%| O|  |TAMS 0x00000000fdf00000| PB 0x00000000fdf00000| Untracked 
|2016|0x00000000fe000000, 0x00000000fe100000, 0x00000000fe100000|100%| O|Cm|TAMS 0x00000000fe000000| PB 0x00000000fe000000| Complete 
|2017|0x00000000fe100000, 0x00000000fe200000, 0x00000000fe200000|100%| O|Cm|TAMS 0x00000000fe100000| PB 0x00000000fe100000| Complete 
|2018|0x00000000fe200000, 0x00000000fe300000, 0x00000000fe300000|100%| O|  |TAMS 0x00000000fe200000| PB 0x00000000fe200000| Untracked 
|2019|0x00000000fe300000, 0x00000000fe400000, 0x00000000fe400000|100%| O|Cm|TAMS 0x00000000fe300000| PB 0x00000000fe300000| Complete 
|2020|0x00000000fe400000, 0x00000000fe500000, 0x00000000fe500000|100%| O|  |TAMS 0x00000000fe400000| PB 0x00000000fe400000| Untracked 
|2021|0x00000000fe500000, 0x00000000fe600000, 0x00000000fe600000|100%| O|  |TAMS 0x00000000fe500000| PB 0x00000000fe500000| Untracked 
|2022|0x00000000fe600000, 0x00000000fe700000, 0x00000000fe700000|100%| O|  |TAMS 0x00000000fe600000| PB 0x00000000fe600000| Untracked 
|2023|0x00000000fe700000, 0x00000000fe800000, 0x00000000fe800000|100%| O|  |TAMS 0x00000000fe700000| PB 0x00000000fe700000| Untracked 
|2024|0x00000000fe800000, 0x00000000fe900000, 0x00000000fe900000|100%| O|  |TAMS 0x00000000fe800000| PB 0x00000000fe800000| Untracked 
|2025|0x00000000fe900000, 0x00000000fea00000, 0x00000000fea00000|100%| O|  |TAMS 0x00000000fe900000| PB 0x00000000fe900000| Untracked 
|2026|0x00000000fea00000, 0x00000000feb00000, 0x00000000feb00000|100%| O|  |TAMS 0x00000000fea00000| PB 0x00000000fea00000| Untracked 
|2027|0x00000000feb00000, 0x00000000fec00000, 0x00000000fec00000|100%| O|  |TAMS 0x00000000feb00000| PB 0x00000000feb00000| Untracked 
|2028|0x00000000fec00000, 0x00000000fed00000, 0x00000000fed00000|100%| O|  |TAMS 0x00000000fec00000| PB 0x00000000fec00000| Untracked 
|2029|0x00000000fed00000, 0x00000000fee00000, 0x00000000fee00000|100%| O|  |TAMS 0x00000000fed00000| PB 0x00000000fed00000| Untracked 
|2030|0x00000000fee00000, 0x00000000fef00000, 0x00000000fef00000|100%| O|  |TAMS 0x00000000fee00000| PB 0x00000000fee00000| Untracked 
|2031|0x00000000fef00000, 0x00000000ff000000, 0x00000000ff000000|100%| O|  |TAMS 0x00000000fef00000| PB 0x00000000fef00000| Untracked 
|2032|0x00000000ff000000, 0x00000000ff100000, 0x00000000ff100000|100%| O|  |TAMS 0x00000000ff000000| PB 0x00000000ff000000| Untracked 
|2033|0x00000000ff100000, 0x00000000ff200000, 0x00000000ff200000|100%| O|Cm|TAMS 0x00000000ff100000| PB 0x00000000ff100000| Complete 
|2034|0x00000000ff200000, 0x00000000ff300000, 0x00000000ff300000|100%| O|Cm|TAMS 0x00000000ff200000| PB 0x00000000ff200000| Complete 
|2035|0x00000000ff300000, 0x00000000ff400000, 0x00000000ff400000|100%| O|Cm|TAMS 0x00000000ff300000| PB 0x00000000ff300000| Complete 
|2036|0x00000000ff400000, 0x00000000ff500000, 0x00000000ff500000|100%| O|  |TAMS 0x00000000ff400000| PB 0x00000000ff400000| Untracked 
|2037|0x00000000ff500000, 0x00000000ff600000, 0x00000000ff600000|100%| E|CS|TAMS 0x00000000ff500000| PB 0x00000000ff500000| Complete 
|2038|0x00000000ff600000, 0x00000000ff700000, 0x00000000ff700000|100%| O|  |TAMS 0x00000000ff600000| PB 0x00000000ff600000| Untracked 
|2039|0x00000000ff700000, 0x00000000ff800000, 0x00000000ff800000|100%| E|CS|TAMS 0x00000000ff700000| PB 0x00000000ff700000| Complete 
|2040|0x00000000ff800000, 0x00000000ff900000, 0x00000000ff900000|100%| E|CS|TAMS 0x00000000ff800000| PB 0x00000000ff800000| Complete 
|2041|0x00000000ff900000, 0x00000000ffa00000, 0x00000000ffa00000|100%| E|CS|TAMS 0x00000000ff900000| PB 0x00000000ff900000| Complete 
|2042|0x00000000ffa00000, 0x00000000ffb00000, 0x00000000ffb00000|100%| E|CS|TAMS 0x00000000ffa00000| PB 0x00000000ffa00000| Complete 
|2043|0x00000000ffb00000, 0x00000000ffc00000, 0x00000000ffc00000|100%| O|  |TAMS 0x00000000ffb00000| PB 0x00000000ffb00000| Untracked 
|2044|0x00000000ffc00000, 0x00000000ffd00000, 0x00000000ffd00000|100%| O|  |TAMS 0x00000000ffc00000| PB 0x00000000ffc00000| Untracked 
|2045|0x00000000ffd00000, 0x00000000ffe00000, 0x00000000ffe00000|100%| O|  |TAMS 0x00000000ffd00000| PB 0x00000000ffd00000| Untracked 
|2046|0x00000000ffe00000, 0x00000000fff00000, 0x00000000fff00000|100%| O|  |TAMS 0x00000000ffe00000| PB 0x00000000ffe00000| Untracked 
|2047|0x00000000fff00000, 0x0000000100000000, 0x0000000100000000|100%| O|  |TAMS 0x00000000fff00000| PB 0x00000000fff00000| Untracked 

Card table byte_map: [0x000002926f090000,0x000002926f490000] _byte_map_base: 0x000002926ec90000

Marking Bits: (CMBitMap*) 0x000002925c845830
 Bits: [0x000002926f490000, 0x0000029271490000)

Polling page: 0x000002925a830000

Metaspace:

Usage:
  Non-class:    124.74 MB used.
      Class:     20.23 MB used.
       Both:    144.97 MB used.

Virtual space:
  Non-class space:      128.00 MB reserved,     125.94 MB ( 98%) committed,  2 nodes.
      Class space:        1.00 GB reserved,      21.44 MB (  2%) committed,  1 nodes.
             Both:        1.12 GB reserved,     147.38 MB ( 13%) committed. 

Chunk freelists:
   Non-Class:  1.19 MB
       Class:  10.48 MB
        Both:  11.67 MB

MaxMetaspaceSize: unlimited
CompressedClassSpaceSize: 1.00 GB
Initial GC threshold: 21.00 MB
Current GC threshold: 245.00 MB
CDS: off
 - commit_granule_bytes: 65536.
 - commit_granule_words: 8192.
 - virtual_space_node_default_size: 8388608.
 - enlarge_chunks_in_place: 1.
 - use_allocation_guard: 0.


Internal statistics:

num_allocs_failed_limit: 9.
num_arena_births: 4886.
num_arena_deaths: 4.
num_vsnodes_births: 3.
num_vsnodes_deaths: 0.
num_space_committed: 2356.
num_space_uncommitted: 1.
num_chunks_returned_to_freelist: 32.
num_chunks_taken_from_freelist: 11253.
num_chunk_merges: 14.
num_chunk_splits: 7422.
num_chunks_enlarged: 4755.
num_inconsistent_stats: 0.

CodeHeap 'non-profiled nmethods': size=120000Kb used=11196Kb max_used=11196Kb free=108803Kb
 bounds [0x0000029267420000, 0x0000029267f20000, 0x000002926e950000]
CodeHeap 'profiled nmethods': size=120000Kb used=30797Kb max_used=31678Kb free=89202Kb
 bounds [0x000002925f950000, 0x0000029261840000, 0x0000029266e80000]
CodeHeap 'non-nmethods': size=5760Kb used=2088Kb max_used=2173Kb free=3671Kb
 bounds [0x0000029266e80000, 0x00000292670f0000, 0x0000029267420000]
CodeCache: size=245760Kb, used=44081Kb, max_used=45047Kb, free=201676Kb
 total_blobs=17934, nmethods=16977, adapters=860, full_count=0
Compilation: enabled, stopped_count=0, restarted_count=0

Compilation events (20 events):
Event: 36.369 Thread 0x00000292740c05c0 21455       3       com.android.tools.r8.graph.d6$$Lambda/0x00000001015789e0::accept (16 bytes)
Event: 36.369 Thread 0x00000292740c05c0 nmethod 21455 0x0000029260d07010 code [0x0000029260d071c0, 0x0000029260d073f0]
Event: 36.369 Thread 0x00000292740c05c0 21454       2       com.android.tools.r8.internal.bd1$$Lambda/0x0000000101578eb0::apply (12 bytes)
Event: 36.369 Thread 0x00000292740c05c0 nmethod 21454 0x0000029260d06a10 code [0x0000029260d06bc0, 0x0000029260d06d20]
Event: 36.371 Thread 0x00000292740c05c0 21456       2       com.android.tools.r8.internal.ue0::a (1 bytes)
Event: 36.371 Thread 0x00000292740c05c0 nmethod 21456 0x0000029260e88210 code [0x0000029260e883a0, 0x0000029260e884a8]
Event: 36.378 Thread 0x00000292740c05c0 21457       2       com.android.tools.r8.internal.bd1::a (90 bytes)
Event: 36.380 Thread 0x00000292740c05c0 nmethod 21457 0x00000292611eef10 code [0x00000292611ef140, 0x00000292611ef700]
Event: 36.380 Thread 0x00000292740c05c0 21458       2       kotlin.collections.MapsKt__MapsJVMKt::mapCapacity (40 bytes)
Event: 36.380 Thread 0x00000292740c05c0 nmethod 21458 0x0000029260e87e10 code [0x0000029260e87fe0, 0x0000029260e88198]
Event: 36.380 Thread 0x00000292740c05c0 21459       2       kotlin.collections.SetsKt__SetsKt::setOf (11 bytes)
Event: 36.381 Thread 0x00000292740c05c0 nmethod 21459 0x0000029260e94c10 code [0x0000029260e94e00, 0x0000029260e950a8]
Event: 36.386 Thread 0x00000292740c05c0 21460       2       com.android.aaptcompiler.StringPool::size (20 bytes)
Event: 36.386 Thread 0x00000292740c05c0 nmethod 21460 0x0000029260e94810 code [0x0000029260e949c0, 0x0000029260e94b40]
Event: 36.388 Thread 0x00000292740c05c0 21461       3       com.android.aaptcompiler.PossibleResourceName::<init> (44 bytes)
Event: 36.390 Thread 0x00000292740c05c0 nmethod 21461 0x000002925fc8c410 code [0x000002925fc8c720, 0x000002925fc8d6d8]
Event: 36.390 Thread 0x00000292740c05c0 21462       3       java.lang.Character::isDigit (5 bytes)
Event: 36.390 Thread 0x00000292740c05c0 nmethod 21462 0x0000029261363010 code [0x00000292613631e0, 0x0000029261363430]
Event: 36.390 Thread 0x00000292740c05c0 21463       3       java.lang.Character::isDigit (9 bytes)
Event: 36.391 Thread 0x00000292740c05c0 nmethod 21463 0x0000029261362a90 code [0x0000029261362c40, 0x0000029261362e30]

GC Heap History (20 events):
Event: 29.759 GC heap before
{Heap before GC invocations=62 (full 0):
 garbage-first heap   total 256000K, used 163201K [0x0000000080000000, 0x0000000100000000)
  region size 1024K, 22 young (22528K), 7 survivors (7168K)
 Metaspace       used 133309K, committed 135744K, reserved 1179648K
  class space    used 18701K, committed 19904K, reserved 1048576K
}
Event: 29.768 GC heap after
{Heap after GC invocations=63 (full 0):
 garbage-first heap   total 256000K, used 150504K [0x0000000080000000, 0x0000000100000000)
  region size 1024K, 1 young (1024K), 1 survivors (1024K)
 Metaspace       used 133309K, committed 135744K, reserved 1179648K
  class space    used 18701K, committed 19904K, reserved 1048576K
}
Event: 30.542 GC heap before
{Heap before GC invocations=64 (full 0):
 garbage-first heap   total 260096K, used 258024K [0x0000000080000000, 0x0000000100000000)
  region size 1024K, 65 young (66560K), 1 survivors (1024K)
 Metaspace       used 134972K, committed 137472K, reserved 1179648K
  class space    used 18944K, committed 20160K, reserved 1048576K
}
Event: 30.563 GC heap after
{Heap after GC invocations=65 (full 0):
 garbage-first heap   total 276480K, used 182717K [0x0000000080000000, 0x0000000100000000)
  region size 1024K, 12 young (12288K), 12 survivors (12288K)
 Metaspace       used 134972K, committed 137472K, reserved 1179648K
  class space    used 18944K, committed 20160K, reserved 1048576K
}
Event: 31.047 GC heap before
{Heap before GC invocations=65 (full 0):
 garbage-first heap   total 276480K, used 257469K [0x0000000080000000, 0x0000000100000000)
  region size 1024K, 80 young (81920K), 12 survivors (12288K)
 Metaspace       used 135197K, committed 137664K, reserved 1179648K
  class space    used 18969K, committed 20224K, reserved 1048576K
}
Event: 31.102 GC heap after
{Heap after GC invocations=66 (full 0):
 garbage-first heap   total 365568K, used 215552K [0x0000000080000000, 0x0000000100000000)
  region size 1024K, 10 young (10240K), 10 survivors (10240K)
 Metaspace       used 135197K, committed 137664K, reserved 1179648K
  class space    used 18969K, committed 20224K, reserved 1048576K
}
Event: 32.058 GC heap before
{Heap before GC invocations=66 (full 0):
 garbage-first heap   total 365568K, used 318976K [0x0000000080000000, 0x0000000100000000)
  region size 1024K, 109 young (111616K), 10 survivors (10240K)
 Metaspace       used 138206K, committed 140736K, reserved 1179648K
  class space    used 19539K, committed 20800K, reserved 1048576K
}
Event: 32.115 GC heap after
{Heap after GC invocations=67 (full 0):
 garbage-first heap   total 369664K, used 256512K [0x0000000080000000, 0x0000000100000000)
  region size 1024K, 14 young (14336K), 14 survivors (14336K)
 Metaspace       used 138206K, committed 140736K, reserved 1179648K
  class space    used 19539K, committed 20800K, reserved 1048576K
}
Event: 32.156 GC heap before
{Heap before GC invocations=67 (full 0):
 garbage-first heap   total 369664K, used 267776K [0x0000000080000000, 0x0000000100000000)
  region size 1024K, 26 young (26624K), 14 survivors (14336K)
 Metaspace       used 138214K, committed 140736K, reserved 1179648K
  class space    used 19539K, committed 20800K, reserved 1048576K
}
Event: 32.182 GC heap after
{Heap after GC invocations=68 (full 0):
 garbage-first heap   total 369664K, used 265728K [0x0000000080000000, 0x0000000100000000)
  region size 1024K, 7 young (7168K), 7 survivors (7168K)
 Metaspace       used 138214K, committed 140736K, reserved 1179648K
  class space    used 19539K, committed 20800K, reserved 1048576K
}
Event: 32.754 GC heap before
{Heap before GC invocations=68 (full 0):
 garbage-first heap   total 447488K, used 323072K [0x0000000080000000, 0x0000000100000000)
  region size 1024K, 61 young (62464K), 7 survivors (7168K)
 Metaspace       used 138322K, committed 140864K, reserved 1179648K
  class space    used 19542K, committed 20800K, reserved 1048576K
}
Event: 32.786 GC heap after
{Heap after GC invocations=69 (full 0):
 garbage-first heap   total 447488K, used 288768K [0x0000000080000000, 0x0000000100000000)
  region size 1024K, 8 young (8192K), 8 survivors (8192K)
 Metaspace       used 138322K, committed 140864K, reserved 1179648K
  class space    used 19542K, committed 20800K, reserved 1048576K
}
Event: 34.133 GC heap before
{Heap before GC invocations=70 (full 0):
 garbage-first heap   total 447488K, used 376832K [0x0000000080000000, 0x0000000100000000)
  region size 1024K, 94 young (96256K), 8 survivors (8192K)
 Metaspace       used 142006K, committed 144512K, reserved 1179648K
  class space    used 20029K, committed 21248K, reserved 1048576K
}
Event: 34.161 GC heap after
{Heap after GC invocations=71 (full 0):
 garbage-first heap   total 447488K, used 305663K [0x0000000080000000, 0x0000000100000000)
  region size 1024K, 12 young (12288K), 12 survivors (12288K)
 Metaspace       used 142006K, committed 144512K, reserved 1179648K
  class space    used 20029K, committed 21248K, reserved 1048576K
}
Event: 34.739 GC heap before
{Heap before GC invocations=71 (full 0):
 garbage-first heap   total 447488K, used 402943K [0x0000000080000000, 0x0000000100000000)
  region size 1024K, 91 young (93184K), 12 survivors (12288K)
 Metaspace       used 144458K, committed 146880K, reserved 1179648K
  class space    used 20317K, committed 21504K, reserved 1048576K
}
Event: 34.764 GC heap after
{Heap after GC invocations=72 (full 0):
 garbage-first heap   total 447488K, used 317063K [0x0000000080000000, 0x0000000100000000)
  region size 1024K, 12 young (12288K), 12 survivors (12288K)
 Metaspace       used 144458K, committed 146880K, reserved 1179648K
  class space    used 20317K, committed 21504K, reserved 1048576K
}
Event: 35.342 GC heap before
{Heap before GC invocations=72 (full 0):
 garbage-first heap   total 447488K, used 392839K [0x0000000080000000, 0x0000000100000000)
  region size 1024K, 87 young (89088K), 12 survivors (12288K)
 Metaspace       used 147074K, committed 149504K, reserved 1179648K
  class space    used 20565K, committed 21760K, reserved 1048576K
}
Event: 35.357 GC heap after
{Heap after GC invocations=73 (full 0):
 garbage-first heap   total 447488K, used 325560K [0x0000000080000000, 0x0000000100000000)
  region size 1024K, 8 young (8192K), 8 survivors (8192K)
 Metaspace       used 147074K, committed 149504K, reserved 1179648K
  class space    used 20565K, committed 21760K, reserved 1048576K
}
Event: 36.127 GC heap before
{Heap before GC invocations=73 (full 0):
 garbage-first heap   total 517120K, used 383928K [0x0000000080000000, 0x0000000100000000)
  region size 1024K, 82 young (83968K), 8 survivors (8192K)
 Metaspace       used 148197K, committed 150656K, reserved 1179648K
  class space    used 20687K, committed 21888K, reserved 1048576K
}
Event: 36.144 GC heap after
{Heap after GC invocations=74 (full 0):
 garbage-first heap   total 609280K, used 312830K [0x0000000080000000, 0x0000000100000000)
  region size 1024K, 5 young (5120K), 5 survivors (5120K)
 Metaspace       used 148197K, committed 150656K, reserved 1179648K
  class space    used 20687K, committed 21888K, reserved 1048576K
}

Dll operation events (3 events):
Event: 0.012 Loaded shared library C:\Program Files\Android\Android Studio\jbr\bin\java.dll
Event: 0.018 Loaded shared library C:\Program Files\Android\Android Studio\jbr\bin\zip.dll
Event: 0.929 Loaded shared library C:\Program Files\Android\Android Studio\jbr\bin\verify.dll

Deoptimization events (20 events):
Event: 36.147 Thread 0x000002927f710c80 DEOPT PACKING pc=0x0000029267f0502c sp=0x000000e1802fd3c0
Event: 36.147 Thread 0x000002927f710c80 DEOPT UNPACKING pc=0x0000029266ed43a2 sp=0x000000e1802fd350 mode 2
Event: 36.148 Thread 0x000002927f710c80 Uncommon trap: trap_request=0xffffffbe fr.pc=0x0000029267f0502c relative=0x000000000000026c
Event: 36.148 Thread 0x000002927f710c80 Uncommon trap: reason=profile_predicate action=maybe_recompile pc=0x0000029267f0502c method=java.io.ObjectStreamClass$FieldReflector.setPrimFieldValues(Ljava/lang/Object;[B)V @ 19 c2
Event: 36.148 Thread 0x000002927f710c80 DEOPT PACKING pc=0x0000029267f0502c sp=0x000000e1802fd120
Event: 36.148 Thread 0x000002927f710c80 DEOPT UNPACKING pc=0x0000029266ed43a2 sp=0x000000e1802fd0b0 mode 2
Event: 36.151 Thread 0x0000029274a13f80 DEOPT PACKING pc=0x0000029261791022 sp=0x000000e1812fd4b0
Event: 36.151 Thread 0x0000029274a13f80 DEOPT UNPACKING pc=0x0000029266ed4b42 sp=0x000000e1812fc950 mode 0
Event: 36.181 Thread 0x000002927d3df6c0 DEOPT PACKING pc=0x0000029261791022 sp=0x000000e182cfdad0
Event: 36.181 Thread 0x000002927d3df6c0 DEOPT UNPACKING pc=0x0000029266ed4b42 sp=0x000000e182cfcf70 mode 0
Event: 36.193 Thread 0x000002927f7133e0 DEOPT PACKING pc=0x00000292617c1fdc sp=0x000000e1801fcd90
Event: 36.193 Thread 0x000002927f7133e0 DEOPT UNPACKING pc=0x0000029266ed4b42 sp=0x000000e1801fc2c0 mode 0
Event: 36.198 Thread 0x000002927f710c80 DEOPT PACKING pc=0x0000029261791022 sp=0x000000e1802fd400
Event: 36.198 Thread 0x000002927f710c80 DEOPT UNPACKING pc=0x0000029266ed4b42 sp=0x000000e1802fc8a0 mode 0
Event: 36.268 Thread 0x000002927a0ff7b0 Uncommon trap: trap_request=0xffffffe4 fr.pc=0x0000029267db91a8 relative=0x00000000000001e8
Event: 36.268 Thread 0x000002927a0ff7b0 Uncommon trap: reason=range_check action=make_not_entrant pc=0x0000029267db91a8 method=com.android.tools.r8.graph.h6.a(Lcom/android/tools/r8/graph/h6;)I @ 9 c2
Event: 36.268 Thread 0x000002927a0ff7b0 DEOPT PACKING pc=0x0000029267db91a8 sp=0x000000e182afd130
Event: 36.268 Thread 0x000002927a0ff7b0 DEOPT UNPACKING pc=0x0000029266ed43a2 sp=0x000000e182afd0a8 mode 2
Event: 36.285 Thread 0x000002927f7133e0 DEOPT PACKING pc=0x000002926183e45e sp=0x000000e1801fd2e0
Event: 36.294 Thread 0x000002927f7133e0 DEOPT UNPACKING pc=0x0000029266ed4b42 sp=0x000000e1801fc818 mode 0

Classes loaded (20 events):
Event: 34.619 Loading class javax/xml/stream/events/Attribute
Event: 34.620 Loading class javax/xml/stream/events/Attribute done
Event: 34.620 Loading class javax/xml/stream/events/Namespace done
Event: 34.620 Loading class com/sun/xml/internal/stream/events/AttributeImpl
Event: 34.620 Loading class com/sun/xml/internal/stream/events/CharacterEvent
Event: 34.620 Loading class javax/xml/stream/events/Characters
Event: 34.620 Loading class com/sun/xml/internal/stream/events/AttributeImpl done
Event: 34.620 Loading class javax/xml/stream/events/Characters done
Event: 34.620 Loading class com/sun/xml/internal/stream/events/NamespaceImpl done
Event: 34.620 Loading class com/sun/xml/internal/stream/events/CharacterEvent done
Event: 34.629 Loading class java/util/Spliterators$2Adapter
Event: 34.629 Loading class java/util/Spliterators$2Adapter done
Event: 34.630 Loading class com/sun/xml/internal/stream/events/EndElementEvent
Event: 34.630 Loading class javax/xml/stream/events/EndElement
Event: 34.630 Loading class javax/xml/stream/events/EndElement done
Event: 34.630 Loading class com/sun/xml/internal/stream/events/EndElementEvent done
Event: 34.635 Loading class java/lang/StringUTF16$CodePointsSpliterator
Event: 34.636 Loading class java/lang/StringUTF16$CodePointsSpliterator done
Event: 35.616 Loading class com/sun/xml/internal/stream/util/ReadOnlyIterator
Event: 35.616 Loading class com/sun/xml/internal/stream/util/ReadOnlyIterator done

Classes unloaded (20 events):
Event: 28.327 Thread 0x0000029273ee89f0 Unloading class 0x000000010128b210 'jdk/internal/jimage/BasicImageReader$2'
Event: 28.327 Thread 0x0000029273ee89f0 Unloading class 0x000000010128afa8 'jdk/internal/jimage/BasicImageReader$1'
Event: 28.327 Thread 0x0000029273ee89f0 Unloading class 0x000000010128ad08 'jdk/internal/jimage/ImageReader$Resource'
Event: 28.327 Thread 0x0000029273ee89f0 Unloading class 0x000000010128aa68 'jdk/internal/jimage/ImageReader$LinkNode'
Event: 28.327 Thread 0x0000029273ee89f0 Unloading class 0x000000010128a7c8 'jdk/internal/jimage/ImageReader$Directory'
Event: 28.327 Thread 0x0000029273ee89f0 Unloading class 0x000000010128a528 'jdk/internal/jimage/ImageReader$Node'
Event: 28.327 Thread 0x0000029273ee89f0 Unloading class 0x000000010128a2f8 'jdk/internal/jimage/ImageStrings'
Event: 28.327 Thread 0x0000029273ee89f0 Unloading class 0x000000010128a000 'jdk/internal/jimage/ImageReader$SharedImageReader'
Event: 28.327 Thread 0x0000029273ee89f0 Unloading class 0x0000000101289be0 'jdk/internal/jimage/BasicImageReader'
Event: 28.327 Thread 0x0000029273ee89f0 Unloading class 0x0000000101289988 'jdk/internal/jimage/ImageReader'
Event: 28.327 Thread 0x0000029273ee89f0 Unloading class 0x0000000101289728 'jdk/internal/jrtfs/SystemImage$2'
Event: 28.327 Thread 0x0000029273ee89f0 Unloading class 0x00000001012894d8 'jdk/internal/jrtfs/SystemImage$$Lambda+0x00000001012894d8'
Event: 28.327 Thread 0x0000029273ee89f0 Unloading class 0x0000000101289270 'jdk/internal/jrtfs/ExplodedImage'
Event: 28.327 Thread 0x0000029273ee89f0 Unloading class 0x0000000101289000 'jdk/internal/jrtfs/SystemImage$1'
Event: 28.327 Thread 0x0000029273ee89f0 Unloading class 0x0000000101288ca0 'jdk/internal/jrtfs/SystemImage'
Event: 28.327 Thread 0x0000029273ee89f0 Unloading class 0x0000000101288a08 'jdk/internal/jrtfs/JrtFileStore'
Event: 28.327 Thread 0x0000029273ee89f0 Unloading class 0x0000000101288658 'jdk/internal/jrtfs/JrtPath'
Event: 28.327 Thread 0x0000029273ee89f0 Unloading class 0x0000000101288328 'jdk/internal/jrtfs/JrtFileSystem'
Event: 28.327 Thread 0x0000029273ee89f0 Unloading class 0x0000000101288000 'jdk/internal/jrtfs/JrtFileSystemProvider'
Event: 35.888 Thread 0x0000029273ee89f0 Unloading class 0x00000001013ec400 'java/lang/invoke/LambdaForm$DMH+0x00000001013ec400'

Classes redefined (0 events):
No events

Internal exceptions (20 events):
Event: 36.179 Thread 0x000002927a0ff7b0 Exception <a 'sun/nio/fs/WindowsException'{0x00000000ff97fc60}> (0x00000000ff97fc60) 
thrown [s\src\hotspot\share\prims\jni.cpp, line 537]
Event: 36.180 Thread 0x000002927a0ff7b0 Exception <a 'sun/nio/fs/WindowsException'{0x00000000ff986478}> (0x00000000ff986478) 
thrown [s\src\hotspot\share\prims\jni.cpp, line 537]
Event: 36.181 Thread 0x0000029274a13f80 Exception <a 'sun/nio/fs/WindowsException'{0x00000000ff8d7318}> (0x00000000ff8d7318) 
thrown [s\src\hotspot\share\prims\jni.cpp, line 537]
Event: 36.181 Thread 0x000002927a0ff7b0 Exception <a 'sun/nio/fs/WindowsException'{0x00000000ff98f960}> (0x00000000ff98f960) 
thrown [s\src\hotspot\share\prims\jni.cpp, line 537]
Event: 36.184 Thread 0x000002927a0ff7b0 Exception <a 'sun/nio/fs/WindowsException'{0x00000000ff996228}> (0x00000000ff996228) 
thrown [s\src\hotspot\share\prims\jni.cpp, line 537]
Event: 36.185 Thread 0x000002927a0ff7b0 Exception <a 'sun/nio/fs/WindowsException'{0x00000000ff79f510}> (0x00000000ff79f510) 
thrown [s\src\hotspot\share\prims\jni.cpp, line 537]
Event: 36.188 Thread 0x000002927d3df6c0 Exception <a 'sun/nio/fs/WindowsException'{0x00000000ff56ec30}> (0x00000000ff56ec30) 
thrown [s\src\hotspot\share\prims\jni.cpp, line 537]
Event: 36.188 Thread 0x000002927a0ff7b0 Exception <a 'sun/nio/fs/WindowsException'{0x00000000ff7af990}> (0x00000000ff7af990) 
thrown [s\src\hotspot\share\prims\jni.cpp, line 537]
Event: 36.196 Thread 0x000002927a0ff7b0 Exception <a 'sun/nio/fs/WindowsException'{0x00000000ff7ba190}> (0x00000000ff7ba190) 
thrown [s\src\hotspot\share\prims\jni.cpp, line 537]
Event: 36.204 Thread 0x000002927f710c80 Exception <a 'sun/nio/fs/WindowsException'{0x00000000fd7dd880}> (0x00000000fd7dd880) 
thrown [s\src\hotspot\share\prims\jni.cpp, line 537]
Event: 36.294 Thread 0x0000029200a2c460 Exception <a 'sun/nio/fs/WindowsException'{0x00000000a1fae9b8}> (0x00000000a1fae9b8) 
thrown [s\src\hotspot\share\prims\jni.cpp, line 537]
Event: 36.302 Thread 0x000002927a1bda00 Exception <a 'sun/nio/fs/WindowsException'{0x00000000a22ffd10}> (0x00000000a22ffd10) 
thrown [s\src\hotspot\share\prims\jni.cpp, line 537]
Event: 36.342 Thread 0x0000029200a2c460 Exception <a 'sun/nio/fs/WindowsException'{0x00000000a1aba0e0}> (0x00000000a1aba0e0) 
thrown [s\src\hotspot\share\prims\jni.cpp, line 537]
Event: 36.359 Thread 0x0000029274a13f80 Exception <a 'sun/nio/fs/WindowsException'{0x00000000a16f0a88}> (0x00000000a16f0a88) 
thrown [s\src\hotspot\share\prims\jni.cpp, line 537]
Event: 36.359 Thread 0x000002927f710c80 Exception <a 'sun/nio/fs/WindowsException'{0x00000000a16cf4f8}> (0x00000000a16cf4f8) 
thrown [s\src\hotspot\share\prims\jni.cpp, line 537]
Event: 36.359 Thread 0x000002927a1bda00 Exception <a 'sun/nio/fs/WindowsException'{0x00000000a1538e68}> (0x00000000a1538e68) 
thrown [s\src\hotspot\share\prims\jni.cpp, line 537]
Event: 36.364 Thread 0x000002927a1be720 Exception <a 'sun/nio/fs/WindowsException'{0x00000000a143f910}> (0x00000000a143f910) 
thrown [s\src\hotspot\share\prims\jni.cpp, line 537]
Event: 36.364 Thread 0x000002927d3df6c0 Exception <a 'sun/nio/fs/WindowsException'{0x00000000a1463960}> (0x00000000a1463960) 
thrown [s\src\hotspot\share\prims\jni.cpp, line 537]
Event: 36.385 Thread 0x0000029274a13f80 Exception <a 'sun/nio/fs/WindowsException'{0x00000000a110a0d0}> (0x00000000a110a0d0) 
thrown [s\src\hotspot\share\prims\jni.cpp, line 537]
Event: 36.388 Thread 0x0000029200a2c460 Exception <a 'sun/nio/fs/WindowsException'{0x00000000a11d6408}> (0x00000000a11d6408) 
thrown [s\src\hotspot\share\prims\jni.cpp, line 537]

ZGC Phase Switch (0 events):
No events

VM Operations (20 events):
Event: 34.716 Executing safepoint VM operation: G1CollectForAllocation (G1 Evacuation Pause)
Event: 34.765 Executing safepoint VM operation: G1CollectForAllocation (G1 Evacuation Pause) done
Event: 35.172 Executing safepoint VM operation: ICBufferFull
Event: 35.173 Executing safepoint VM operation: ICBufferFull done
Event: 35.342 Executing safepoint VM operation: G1CollectForAllocation (G1 Evacuation Pause)
Event: 35.357 Executing safepoint VM operation: G1CollectForAllocation (G1 Evacuation Pause) done
Event: 35.531 Executing non-safepoint VM operation: HandshakeAllThreads (Deoptimize)
Event: 35.541 Executing non-safepoint VM operation: HandshakeAllThreads (Deoptimize) done
Event: 35.793 Executing non-safepoint VM operation: HandshakeAllThreads (Deoptimize)
Event: 35.843 Executing non-safepoint VM operation: HandshakeAllThreads (Deoptimize) done
Event: 35.886 Executing safepoint VM operation: G1PauseRemark
Event: 35.910 Executing safepoint VM operation: G1PauseRemark done
Event: 36.125 Executing safepoint VM operation: G1CollectForAllocation (G1 Evacuation Pause)
Event: 36.145 Executing safepoint VM operation: G1CollectForAllocation (G1 Evacuation Pause) done
Event: 36.167 Executing non-safepoint VM operation: HandshakeAllThreads (Deoptimize)
Event: 36.168 Executing non-safepoint VM operation: HandshakeAllThreads (Deoptimize) done
Event: 36.193 Executing non-safepoint VM operation: HandshakeAllThreads (Deoptimize)
Event: 36.195 Executing non-safepoint VM operation: HandshakeAllThreads (Deoptimize) done
Event: 36.332 Executing safepoint VM operation: G1PauseCleanup
Event: 36.333 Executing safepoint VM operation: G1PauseCleanup done

Memory protections (0 events):
No events

Nmethod flushes (20 events):
Event: 35.906 Thread 0x0000029273ee89f0 flushing  nmethod 0x0000029261344690
Event: 35.906 Thread 0x0000029273ee89f0 flushing  nmethod 0x000002926135ac10
Event: 35.906 Thread 0x0000029273ee89f0 flushing  nmethod 0x000002926135b190
Event: 35.906 Thread 0x0000029273ee89f0 flushing  nmethod 0x000002926135b510
Event: 35.906 Thread 0x0000029273ee89f0 flushing  nmethod 0x000002926135be10
Event: 35.906 Thread 0x0000029273ee89f0 flushing  nmethod 0x0000029261361e90
Event: 35.906 Thread 0x0000029273ee89f0 flushing  nmethod 0x0000029261362a90
Event: 35.906 Thread 0x0000029273ee89f0 flushing  nmethod 0x0000029261362f10
Event: 35.906 Thread 0x0000029273ee89f0 flushing  nmethod 0x0000029261364490
Event: 35.906 Thread 0x0000029273ee89f0 flushing  nmethod 0x000002926138b290
Event: 35.906 Thread 0x0000029273ee89f0 flushing  nmethod 0x000002926138c210
Event: 35.906 Thread 0x0000029273ee89f0 flushing  nmethod 0x000002926138d010
Event: 35.906 Thread 0x0000029273ee89f0 flushing  nmethod 0x000002926138d710
Event: 35.906 Thread 0x0000029273ee89f0 flushing  nmethod 0x000002926138e190
Event: 35.906 Thread 0x0000029273ee89f0 flushing  nmethod 0x0000029261391a90
Event: 35.906 Thread 0x0000029273ee89f0 flushing  nmethod 0x0000029261392390
Event: 35.906 Thread 0x0000029273ee89f0 flushing  nmethod 0x00000292613cfa90
Event: 35.906 Thread 0x0000029273ee89f0 flushing  nmethod 0x00000292613d0090
Event: 35.906 Thread 0x0000029273ee89f0 flushing  nmethod 0x00000292613d0410
Event: 35.906 Thread 0x0000029273ee89f0 flushing  nmethod 0x00000292613d3e90

Events (20 events):
Event: 24.528 Thread 0x0000029200a2c460 Thread added: 0x000002927a0fea90
Event: 27.015 Thread 0x0000029200a2c460 Thread added: 0x000002927a106dd0
Event: 27.015 Thread 0x0000029200a2c460 Thread added: 0x000002927a107460
Event: 27.016 Thread 0x0000029200a2c460 Thread added: 0x000002927a107af0
Event: 27.016 Thread 0x0000029200a2c460 Thread added: 0x000002927a104670
Event: 27.016 Thread 0x0000029200a2c460 Thread added: 0x000002927a108180
Event: 27.017 Thread 0x0000029200a2c460 Thread added: 0x000002927a104d00
Event: 27.017 Thread 0x0000029200a2c460 Thread added: 0x000002927a109bc0
Event: 27.609 Thread 0x0000029200a2c460 Thread added: 0x000002927a0ff7b0
Event: 28.416 Thread 0x0000029200a30600 Thread added: 0x000002927a10a8e0
Event: 28.592 Thread 0x000002927d3dfd50 Thread added: 0x000002927d3df6c0
Event: 30.604 Thread 0x0000029274a17a90 Thread exited: 0x0000029274a17a90
Event: 31.033 Thread 0x000002927a0ff7b0 Thread added: 0x000002927a1004d0
Event: 31.034 Thread 0x000002927a1004d0 Thread added: 0x000002927a101f10
Event: 31.035 Thread 0x000002927a101f10 Thread added: 0x000002927a0ffe40
Event: 31.036 Thread 0x000002927a0ffe40 Thread added: 0x000002927a1032c0
Event: 31.037 Thread 0x000002927a1032c0 Thread added: 0x000002927a101880
Event: 31.037 Thread 0x000002927a101880 Thread added: 0x000002927a103fe0
Event: 31.038 Thread 0x000002927a103fe0 Thread added: 0x000002927a103950
Event: 31.039 Thread 0x000002927a103950 Thread added: 0x000002927a100b60


Dynamic libraries:
0x00007ff6f4db0000 - 0x00007ff6f4dba000 	C:\Program Files\Android\Android Studio\jbr\bin\java.exe
0x00007ff860280000 - 0x00007ff8604e7000 	C:\WINDOWS\SYSTEM32\ntdll.dll
0x00007ff85e3f0000 - 0x00007ff85e4b9000 	C:\WINDOWS\System32\KERNEL32.DLL
0x00007ff85cdd0000 - 0x00007ff85d1c4000 	C:\WINDOWS\System32\KERNELBASE.dll
0x00007ff85d1d0000 - 0x00007ff85d31b000 	C:\WINDOWS\System32\ucrtbase.dll
0x00007ff856ae0000 - 0x00007ff856afb000 	C:\Program Files\Android\Android Studio\jbr\bin\VCRUNTIME140.dll
0x00007ff83c880000 - 0x00007ff83c898000 	C:\Program Files\Android\Android Studio\jbr\bin\jli.dll
0x00007ff85ffb0000 - 0x00007ff860175000 	C:\WINDOWS\System32\USER32.dll
0x00007ff85d320000 - 0x00007ff85d347000 	C:\WINDOWS\System32\win32u.dll
0x00007ff83f350000 - 0x00007ff83f5e3000 	C:\WINDOWS\WinSxS\amd64_microsoft.windows.common-controls_6595b64144ccf1df_6.0.26100.8115_none_3e075c82e3354f9c\COMCTL32.dll
0x00007ff860180000 - 0x00007ff8601ab000 	C:\WINDOWS\System32\GDI32.dll
0x00007ff85e4c0000 - 0x00007ff85e569000 	C:\WINDOWS\System32\msvcrt.dll
0x00007ff85cca0000 - 0x00007ff85cdcb000 	C:\WINDOWS\System32\gdi32full.dll
0x00007ff85d6f0000 - 0x00007ff85d793000 	C:\WINDOWS\System32\msvcp_win.dll
0x00007ff85fea0000 - 0x00007ff85fed2000 	C:\WINDOWS\System32\IMM32.DLL
0x00007ff856a90000 - 0x00007ff856a9c000 	C:\Program Files\Android\Android Studio\jbr\bin\vcruntime140_1.dll
0x00007ffff1890000 - 0x00007ffff191d000 	C:\Program Files\Android\Android Studio\jbr\bin\msvcp140.dll
0x00007fffd1cc0000 - 0x00007fffd2956000 	C:\Program Files\Android\Android Studio\jbr\bin\server\jvm.dll
0x00007ff85e2b0000 - 0x00007ff85e366000 	C:\WINDOWS\System32\ADVAPI32.dll
0x00007ff85e1c0000 - 0x00007ff85e267000 	C:\WINDOWS\System32\sechost.dll
0x00007ff85e0a0000 - 0x00007ff85e1b8000 	C:\WINDOWS\System32\RPCRT4.dll
0x00007ff85e010000 - 0x00007ff85e090000 	C:\WINDOWS\System32\WS2_32.dll
0x00007ff85c9b0000 - 0x00007ff85ca0e000 	C:\WINDOWS\SYSTEM32\POWRPROF.dll
0x00007ff847410000 - 0x00007ff847446000 	C:\WINDOWS\SYSTEM32\WINMM.dll
0x00007ff854df0000 - 0x00007ff854dfb000 	C:\WINDOWS\SYSTEM32\VERSION.dll
0x00007ff85c990000 - 0x00007ff85c9a4000 	C:\WINDOWS\SYSTEM32\UMPDC.dll
0x00007ff85b8b0000 - 0x00007ff85b8cb000 	C:\WINDOWS\SYSTEM32\kernel.appcore.dll
0x00007ff856a50000 - 0x00007ff856a5a000 	C:\Program Files\Android\Android Studio\jbr\bin\jimage.dll
0x00007ff85acf0000 - 0x00007ff85af32000 	C:\WINDOWS\SYSTEM32\DBGHELP.DLL
0x00007ff85f230000 - 0x00007ff85f5b2000 	C:\WINDOWS\System32\combase.dll
0x00007ff85e840000 - 0x00007ff85e918000 	C:\WINDOWS\System32\OLEAUT32.dll
0x00007ff844820000 - 0x00007ff84485b000 	C:\WINDOWS\SYSTEM32\dbgcore.DLL
0x00007ff85d640000 - 0x00007ff85d6e5000 	C:\WINDOWS\System32\bcryptPrimitives.dll
0x00007ff847490000 - 0x00007ff84749e000 	C:\Program Files\Android\Android Studio\jbr\bin\instrument.dll
0x00007ff850b00000 - 0x00007ff850b20000 	C:\Program Files\Android\Android Studio\jbr\bin\java.dll
0x00007ff848a70000 - 0x00007ff848a88000 	C:\Program Files\Android\Android Studio\jbr\bin\zip.dll
0x00007ff85f5c0000 - 0x00007ff85fd27000 	C:\WINDOWS\System32\SHELL32.dll
0x00007ff85d4d0000 - 0x00007ff85d63a000 	C:\WINDOWS\System32\wintypes.dll
0x00007ff85d7a0000 - 0x00007ff85e008000 	C:\WINDOWS\System32\windows.storage.dll
0x00007ff85fda0000 - 0x00007ff85fe98000 	C:\WINDOWS\System32\SHCORE.dll
0x00007ff85fd30000 - 0x00007ff85fd96000 	C:\WINDOWS\System32\shlwapi.dll
0x00007ff85ca70000 - 0x00007ff85ca99000 	C:\WINDOWS\SYSTEM32\profapi.dll
0x00007ff856a30000 - 0x00007ff856a40000 	C:\Program Files\Android\Android Studio\jbr\bin\net.dll
0x00007ff850c40000 - 0x00007ff850d6d000 	C:\WINDOWS\SYSTEM32\WINHTTP.dll
0x00007ff85be50000 - 0x00007ff85bebc000 	C:\WINDOWS\system32\mswsock.dll
0x00007ff8489c0000 - 0x00007ff8489d6000 	C:\Program Files\Android\Android Studio\jbr\bin\nio.dll
0x00007ff848590000 - 0x00007ff8485a0000 	C:\Program Files\Android\Android Studio\jbr\bin\verify.dll
0x00007ff848830000 - 0x00007ff848857000 	C:\Users\HP\.gradle\native\660c5614fbf4a5f2a75b1949f50a0caf5cd603558e7d8a26e50b933a0cfb79d1\windows-amd64\native-platform.dll
0x00007ffff0490000 - 0x00007ffff0507000 	C:\Users\HP\.gradle\native\0.2.8\x86_64-windows-gnu\gradle-fileevents.dll
0x00007ff84d530000 - 0x00007ff84d539000 	C:\Program Files\Android\Android Studio\jbr\bin\management.dll
0x00007ff848a60000 - 0x00007ff848a6b000 	C:\Program Files\Android\Android Studio\jbr\bin\management_ext.dll
0x00007ff85e290000 - 0x00007ff85e298000 	C:\WINDOWS\System32\PSAPI.DLL
0x00007ff85b2d0000 - 0x00007ff85b302000 	C:\WINDOWS\SYSTEM32\IPHLPAPI.DLL
0x00007ff85e2a0000 - 0x00007ff85e2aa000 	C:\WINDOWS\System32\NSI.dll
0x00007ff856960000 - 0x00007ff856969000 	C:\Program Files\Android\Android Studio\jbr\bin\extnet.dll
0x00007ff85c130000 - 0x00007ff85c14b000 	C:\WINDOWS\SYSTEM32\CRYPTSP.dll
0x00007ff85b810000 - 0x00007ff85b849000 	C:\WINDOWS\system32\rsaenh.dll
0x00007ff85bf00000 - 0x00007ff85bf33000 	C:\WINDOWS\SYSTEM32\USERENV.dll
0x00007ff85ca40000 - 0x00007ff85ca6a000 	C:\WINDOWS\SYSTEM32\bcrypt.dll
0x00007ff85c150000 - 0x00007ff85c15c000 	C:\WINDOWS\SYSTEM32\CRYPTBASE.dll
0x00007ffff86e0000 - 0x00007ffff86e8000 	C:\WINDOWS\system32\wshunix.dll
0x00007ff85b9e0000 - 0x00007ff85ba16000 	C:\WINDOWS\SYSTEM32\ntmarta.dll

JVMTI agents:
C:\Users\HP\.gradle\wrapper\dists\gradle-9.3.1-bin\23ovyewtku6u96viwx3xl3oks\gradle-9.3.1\lib\agents\gradle-instrumentation-agent-9.3.1.jar path:C:\Program Files\Android\Android Studio\jbr\bin\instrument.dll, loaded, initialized, instrumentlib options:none

dbghelp: loaded successfully - version: 4.0.5 - missing functions: none
symbol engine: initialized successfully - sym options: 0x614 - pdb path: .;C:\Program Files\Android\Android Studio\jbr\bin;C:\WINDOWS\SYSTEM32;C:\WINDOWS\WinSxS\amd64_microsoft.windows.common-controls_6595b64144ccf1df_6.0.26100.8115_none_3e075c82e3354f9c;C:\Program Files\Android\Android Studio\jbr\bin\server;C:\Users\HP\.gradle\native\660c5614fbf4a5f2a75b1949f50a0caf5cd603558e7d8a26e50b933a0cfb79d1\windows-amd64;C:\Users\HP\.gradle\native\0.2.8\x86_64-windows-gnu

VM Arguments:
jvm_args: --add-opens=java.base/java.lang=ALL-UNNAMED --add-opens=java.base/java.lang.invoke=ALL-UNNAMED --add-opens=java.base/java.util=ALL-UNNAMED --add-opens=java.prefs/java.util.prefs=ALL-UNNAMED --add-exports=jdk.compiler/com.sun.tools.javac.api=ALL-UNNAMED --add-exports=jdk.compiler/com.sun.tools.javac.util=ALL-UNNAMED --add-opens=java.base/java.util=ALL-UNNAMED --add-opens=java.prefs/java.util.prefs=ALL-UNNAMED --add-opens=java.base/java.nio.charset=ALL-UNNAMED --add-opens=java.base/java.net=ALL-UNNAMED --add-opens=java.base/java.util.concurrent=ALL-UNNAMED --add-opens=java.base/java.util.concurrent.atomic=ALL-UNNAMED --add-opens=java.xml/javax.xml.namespace=ALL-UNNAMED --add-opens=java.base/java.time=ALL-UNNAMED -Xmx2048m -Dfile.encoding=UTF-8 -Duser.country=FR -Duser.language=fr -Duser.variant -javaagent:C:\Users\HP\.gradle\wrapper\dists\gradle-9.3.1-bin\23ovyewtku6u96viwx3xl3oks\gradle-9.3.1\lib\agents\gradle-instrumentation-agent-9.3.1.jar 
java_command: org.gradle.launcher.daemon.bootstrap.GradleDaemon 9.3.1
java_class_path (initial): C:\Users\HP\.gradle\wrapper\dists\gradle-9.3.1-bin\23ovyewtku6u96viwx3xl3oks\gradle-9.3.1\lib\gradle-daemon-main-9.3.1.jar
Launcher Type: SUN_STANDARD

[Global flags]
     intx CICompilerCount                          = 4                                         {product} {ergonomic}
     uint ConcGCThreads                            = 2                                         {product} {ergonomic}
     uint G1ConcRefinementThreads                  = 8                                         {product} {ergonomic}
   size_t G1HeapRegionSize                         = 1048576                                   {product} {ergonomic}
    uintx GCDrainStackTargetSize                   = 64                                        {product} {ergonomic}
   size_t InitialHeapSize                          = 132120576                                 {product} {ergonomic}
   size_t MarkStackSize                            = 4194304                                   {product} {ergonomic}
   size_t MaxHeapSize                              = 2147483648                                {product} {command line}
   size_t MaxNewSize                               = 1287651328                                {product} {ergonomic}
   size_t MinHeapDeltaBytes                        = 1048576                                   {product} {ergonomic}
   size_t MinHeapSize                              = 8388608                                   {product} {ergonomic}
    uintx NonNMethodCodeHeapSize                   = 5839372                                {pd product} {ergonomic}
    uintx NonProfiledCodeHeapSize                  = 122909434                              {pd product} {ergonomic}
    uintx ProfiledCodeHeapSize                     = 122909434                              {pd product} {ergonomic}
    uintx ReservedCodeCacheSize                    = 251658240                              {pd product} {ergonomic}
     bool SegmentedCodeCache                       = true                                      {product} {ergonomic}
   size_t SoftMaxHeapSize                          = 2147483648                             {manageable} {ergonomic}
     bool UseCompressedOops                        = true                           {product lp64_product} {ergonomic}
     bool UseG1GC                                  = true                                      {product} {ergonomic}
     bool UseLargePagesIndividualAllocation        = false                                  {pd product} {ergonomic}

Logging:
Log output configuration:
 #0: stdout all=warning uptime,level,tags foldmultilines=false
 #1: stderr all=off uptime,level,tags foldmultilines=false

Release file:
JAVA_VERSION="21.0.10" 
MODULES="java.base java.compiler java.datatransfer java.xml java.prefs java.desktop java.instrument java.logging java.management java.security.sasl java.naming java.rmi java.management.rmi java.net.http java.scripting java.security.jgss java.transaction.xa java.sql java.sql.rowset java.xml.crypto java.se java.smartcardio jdk.accessibility jdk.internal.jvmstat jdk.attach jdk.charsets jdk.internal.opt jdk.zipfs jdk.compiler jdk.crypto.ec jdk.crypto.cryptoki jdk.dynalink jdk.hotspot.agent jdk.httpserver jdk.internal.ed jdk.internal.le jdk.internal.vm.ci jdk.jartool jdk.javadoc jdk.jcmd jdk.jdeps jdk.jdwp.agent jdk.jdi jdk.jfr jdk.jlink jdk.jsobject jdk.localedata jdk.management jdk.management.agent jdk.management.jfr jdk.naming.dns jdk.naming.rmi jdk.net jdk.sctp jdk.security.auth jdk.security.jgss jdk.unsupported jdk.unsupported.desktop jdk.xml.dom" 
IMPLEMENTOR="JetBrains s.r.o." 
JAVA_RUNTIME_VERSION="21.0.10+-14961533-b1163.108" 
LIBC="default" 
OS_ARCH="x86_64" 
OS_NAME="Windows" 
SOURCE=".:git:1351622c2ff2" 

Environment Variables:
PATH=C:\Program Files\Common Files\Oracle\Java\javapath;C:\Program Files (x86)\Common Files\Oracle\Java\javapath;C:\WINDOWS\system32;C:\WINDOWS;C:\WINDOWS\System32\Wbem;C:\WINDOWS\System32\WindowsPowerShell\v1.0\;C:\WINDOWS\System32\OpenSSH\;C:\Program Files (x86)\Intel\Intel(R) Management Engine Components\DAL;C:\Program Files\Intel\Intel(R) Management Engine Components\DAL;C:\Program Files\mingw-w64\i686-8.1.0-release-win32-dwarf-rt_v6-rev0\mingw32\bin;C:\Users\HP\AppData\Local\Programs\Python\Python312;C:\Program Files\dotnet\;C:\Program Files\nodejs\;C:\Users\HP\.config\herd\bin\nvm;C:\Program Files\nodejs;C:\Program Files\Git\cmd;C:\xampp\php;C:\ProgramData\ComposerSetup\bin;C:\Program Files\Docker\Docker\resources\bin;C:\Program Files\PostgreSQL\18\bin;C:\Program Files\Kubernetes\Minikube;C:\Program Files\MySQL\MySQL Shell 8.0\bin\;C:\Users\HP\AppData\Local\Programs\Python\Python312\Scripts\;C:\Users\HP\AppData\Local\Programs\Python\Python312\;C:\Users\HP\AppData\Local\Programs\Python\Launcher\;C:\Users\HP\AppData\Local\Microsoft\WindowsApps;C:\Users\HP\AppData\Local\Programs\Microsoft VS Code\bin;C:\Users\HP\.dotnet\tools;C:\Program Files\JetBrains\IntelliJ IDEA 2025.2.2\bin;C:\Users\HP\AppData\Roaming\npm;C:\Users\HP\AppData\Roaming\Composer\vendor\bin;C:\Users\HP\AppData\Local\Programs\Antigravity\bin
USERNAME=HP
OS=Windows_NT
PROCESSOR_IDENTIFIER=Intel64 Family 6 Model 142 Stepping 11, GenuineIntel
TMP=C:\Users\HP\AppData\Local\Temp
TEMP=C:\Users\HP\AppData\Local\Temp




Periodic native trim disabled

JNI global refs:
JNI global refs: 30, weak refs: 73

JNI global refs memory usage: 835, weak refs: 1465

Process memory usage:
Resident Set Size: 951632K (11% of 8223016K total physical memory with 464456K free physical memory)

OOME stack traces (most recent first):
Classloader memory used:
Loader org.gradle.internal.classloader.VisitableURLClassLoader$InstrumentingVisitableURLClassLoader: 48758K
Loader org.gradle.internal.classloader.VisitableURLClassLoader                         : 45079K
Loader bootstrap                                                                       : 31151K
Loader org.gradle.initialization.MixInLegacyTypesClassLoader                           : 13483K
Loader jdk.internal.loader.ClassLoaders$AppClassLoader                                 : 8454K
Loader jdk.internal.loader.ClassLoaders$PlatformClassLoader                            : 681K
Loader jdk.internal.reflect.DelegatingClassLoader                                      : 507K
Loader org.gradle.internal.classloader.VisitableURLClassLoader                         : 202K
Loader org.gradle.groovy.scripts.internal.DefaultScriptCompilationHandler$ScriptClassLoader: 128K

Classes loaded by more than one classloader:
Class Program                                                                         : loaded 5 times (x 72B)
Class Build_gradle                                                                    : loaded 3 times (x 126B)
Class com.google.common.collect.RegularImmutableMap$KeySet                            : loaded 2 times (x 152B)
Class org.gradle.internal.classloader.FilteringClassLoader                            : loaded 2 times (x 105B)
Class [Lcom.google.common.collect.MapMakerInternalMap$Segment;                        : loaded 2 times (x 69B)
Class com.google.common.io.FileWriteMode                                              : loaded 2 times (x 79B)
Class [Lcom.google.common.base.AbstractIterator$State;                                : loaded 2 times (x 69B)
Class com.google.common.base.CharMatcher$IsEither                                     : loaded 2 times (x 111B)
Class org.gradle.internal.classloader.ClassLoaderHierarchy                            : loaded 2 times (x 70B)
Class com.google.common.collect.AbstractMapBasedMultimap$WrappedCollection            : loaded 2 times (x 124B)
Class com.google.common.collect.ImmutableEnumSet                                      : loaded 2 times (x 146B)
Class com.google.common.util.concurrent.ExecutionError                                : loaded 2 times (x 82B)
Class com.google.common.collect.ImmutableList$1                                       : loaded 2 times (x 97B)
Class org.gradle.api.internal.classpath.ManifestUtil                                  : loaded 2 times (x 71B)
Class com.google.common.io.ByteArrayDataOutput                                        : loaded 2 times (x 70B)
Class com.google.common.collect.RegularImmutableMap                                   : loaded 2 times (x 121B)
Class com.google.common.collect.ImmutableMap$MapViewOfValuesAsSingletonSets           : loaded 2 times (x 126B)
Class com.google.common.collect.TransformedListIterator                               : loaded 2 times (x 93B)
Class [Lorg.objectweb.asm.Symbol;                                                     : loaded 2 times (x 69B)
Class org.objectweb.asm.ClassVisitor                                                  : loaded 2 times (x 88B)
Class com.google.common.collect.UnmodifiableListIterator                              : loaded 2 times (x 95B)
Class com.google.common.collect.MapMakerInternalMap$StrongKeyDummyValueEntry$LinkedStrongKeyDummyValueEntry: loaded 2 times (x 82B)
Class com.google.common.collect.MapMakerInternalMap$Strength                          : loaded 2 times (x 80B)
Class com.google.common.base.Platform$JdkPatternCompiler                              : loaded 2 times (x 75B)
Class org.objectweb.asm.MethodTooLargeException                                       : loaded 2 times (x 83B)
Class [Lcom.google.common.cache.CacheBuilder$OneWeigher;                              : loaded 2 times (x 69B)
Class com.google.common.base.Suppliers                                                : loaded 2 times (x 71B)
Class org.gradle.internal.classloader.DefaultClassLoaderFactory                       : loaded 2 times (x 82B)
Class com.google.common.io.ByteSource$ConcatenatedByteSource                          : loaded 2 times (x 85B)
Class com.google.common.base.CharMatcher$None                                         : loaded 2 times (x 112B)
Class org.gradle.internal.classloader.ClassLoaderVisitor                              : loaded 2 times (x 76B)
Class [Lcom.google.common.collect.ImmutableMapEntry;                                  : loaded 2 times (x 69B)
Class org.gradle.api.internal.classpath.EffectiveClassPath                            : loaded 2 times (x 90B)
Class com.google.common.collect.ImmutableRangeSet                                     : loaded 2 times (x 115B)
Class com.google.common.collect.CollectSpliterators$1WithCharacteristics              : loaded 2 times (x 90B)
Class com.google.common.collect.ListMultimap                                          : loaded 2 times (x 70B)
Class com.google.common.collect.ImmutableEnumMap                                      : loaded 2 times (x 126B)
Class com.google.common.collect.Iterators$EmptyModifiableIterator                     : loaded 2 times (x 86B)
Class com.google.common.base.Splitter                                                 : loaded 2 times (x 72B)
Class com.google.common.collect.Sets$1                                                : loaded 2 times (x 139B)
Class org.objectweb.asm.AnnotationVisitor                                             : loaded 2 times (x 78B)
Class ijKotlinCoroutineJvmDebugInit1_buww37xxpwyrlogzp1suct069$_run_closure1          : loaded 2 times (x 139B)
Class org.gradle.api.internal.DefaultClassPathProvider                                : loaded 2 times (x 76B)
Class com.google.common.collect.MapMakerInternalMap$Strength$1                        : loaded 2 times (x 80B)
Class com.google.common.collect.Maps$ViewCachingAbstractMap                           : loaded 2 times (x 125B)
Class com.google.common.collect.Sets$2                                                : loaded 2 times (x 139B)
Class [Lorg.gradle.api.internal.ClassPathProvider;                                    : loaded 2 times (x 69B)
Class org.gradle.api.internal.ClassPathProvider                                       : loaded 2 times (x 70B)
Class com.google.common.collect.MapMakerInternalMap$Strength$2                        : loaded 2 times (x 80B)
Class com.google.common.base.AbstractIterator$State                                   : loaded 2 times (x 79B)
Class [Lorg.objectweb.asm.AnnotationVisitor;                                          : loaded 2 times (x 69B)
Class com.google.common.collect.Sets$3                                                : loaded 2 times (x 139B)
Class com.google.common.cache.LocalCache$LocalLoadingCache                            : loaded 2 times (x 134B)
Class org.gradle.internal.service.UnknownServiceException                             : loaded 2 times (x 83B)
Class com.google.common.io.ByteArrayDataInput                                         : loaded 2 times (x 70B)
Class com.google.common.collect.MapMakerInternalMap$StrongValueEntry                  : loaded 2 times (x 70B)
Class com.google.common.collect.Sets$4                                                : loaded 2 times (x 139B)
Class org.objectweb.asm.ModuleVisitor                                                 : loaded 2 times (x 81B)
Class com.google.common.cache.LocalCache$Strength$1                                   : loaded 2 times (x 81B)
Class com.google.common.util.concurrent.SettableFuture                                : loaded 2 times (x 114B)
Class com.google.common.cache.LocalCache$Strength$2                                   : loaded 2 times (x 81B)
Class com.google.common.io.ByteStreams                                                : loaded 2 times (x 71B)
Class com.google.common.collect.Interners$InternerImpl                                : loaded 2 times (x 75B)
Class com.google.common.collect.Interner                                              : loaded 2 times (x 70B)
Class com.google.common.collect.TransformedIterator                                   : loaded 2 times (x 80B)
Class com.google.common.base.Splitter$1                                               : loaded 2 times (x 77B)
Class com.google.common.cache.LocalCache$Strength$3                                   : loaded 2 times (x 81B)
Class com.google.common.collect.MapDifference                                         : loaded 2 times (x 70B)
Class com.google.common.collect.MapMaker$Dummy                                        : loaded 2 times (x 79B)
Class org.objectweb.asm.FieldWriter                                                   : loaded 2 times (x 78B)
Class com.google.common.cache.CacheBuilder$NullListener                               : loaded 2 times (x 82B)
Class org.gradle.internal.classpath.TransformedClassPath                              : loaded 2 times (x 96B)
Class org.gradle.internal.classloader.InstrumentingClassLoader                        : loaded 2 times (x 70B)
Class com.google.common.collect.ImmutableRangeSet$AsSet                               : loaded 2 times (x 300B)
Class com.google.common.base.Equivalence$Identity                                     : loaded 2 times (x 82B)
Class com.google.common.collect.Iterators$ArrayItr                                    : loaded 2 times (x 97B)
Class com.google.common.collect.ImmutableCollection$Builder                           : loaded 2 times (x 76B)
Class com.google.common.collect.BaseImmutableMultimap                                 : loaded 2 times (x 123B)
Class com.google.common.base.Joiner                                                   : loaded 2 times (x 79B)
Class com.google.common.base.MoreObjects                                              : loaded 2 times (x 71B)
Class com.google.common.collect.Platform                                              : loaded 2 times (x 71B)
Class [Lorg.objectweb.asm.Type;                                                       : loaded 2 times (x 69B)
Class com.google.common.collect.UnmodifiableIterator                                  : loaded 2 times (x 80B)
Class org.gradle.internal.service.ServiceLocator                                      : loaded 2 times (x 70B)
Class com.google.common.collect.HashBiMap$BiEntry                                     : loaded 2 times (x 83B)
Class com.google.common.base.Ascii                                                    : loaded 2 times (x 71B)
Class com.google.common.collect.SingletonImmutableBiMap                               : loaded 2 times (x 143B)
Class com.google.common.cache.LocalCache$1                                            : loaded 2 times (x 89B)
Class com.google.common.collect.Iterators$SingletonIterator                           : loaded 2 times (x 81B)
Class com.google.common.collect.AbstractMapEntry                                      : loaded 2 times (x 81B)
Class com.google.common.io.ByteSource$ByteArrayByteSource                             : loaded 2 times (x 85B)
Class com.google.common.collect.AbstractSetMultimap                                   : loaded 2 times (x 174B)
Class com.google.common.collect.MapMakerInternalMap$AbstractStrongKeyEntry            : loaded 2 times (x 80B)
Class com.google.common.collect.Sets$ImprovedAbstractSet                              : loaded 2 times (x 135B)
Class com.google.common.collect.ImmutableList$Builder                                 : loaded 2 times (x 77B)
Class com.google.common.collect.AbstractMultimap                                      : loaded 2 times (x 123B)
Class com.google.common.cache.LocalCache$2                                            : loaded 2 times (x 142B)
Class com.google.common.collect.ImmutableRangeSet$1                                   : loaded 2 times (x 210B)
Class com.google.common.collect.RegularImmutableAsList                                : loaded 2 times (x 217B)
Class com.google.common.collect.Range                                                 : loaded 2 times (x 87B)
Class com.google.common.base.Optional                                                 : loaded 2 times (x 80B)
Class com.google.common.util.concurrent.AbstractFuture$Trusted                        : loaded 2 times (x 70B)
Class com.google.common.collect.Iterators                                             : loaded 2 times (x 71B)
Class com.google.common.io.ByteSink$AsCharSink                                        : loaded 2 times (x 80B)
Class com.google.common.collect.Lists$StringAsImmutableList                           : loaded 2 times (x 207B)
Class com.google.common.util.concurrent.UncheckedExecutionException                   : loaded 2 times (x 82B)
Class org.gradle.kotlin.dsl.VersionCatalogAccessorsKt                                 : loaded 2 times (x 71B)
Class ijKotlinCoroutineJvmDebugInit1_buww37xxpwyrlogzp1suct069$_run_closure1$_closure2: loaded 2 times (x 139B)
Class com.google.common.collect.HashMultimapGwtSerializationDependencies              : loaded 2 times (x 174B)
Class com.google.common.collect.AbstractMapBasedMultimap$KeySet$1                     : loaded 2 times (x 82B)
Class org.objectweb.asm.ClassWriter                                                   : loaded 2 times (x 106B)
Class com.google.common.cache.CacheLoader$UnsupportedLoadingOperationException        : loaded 2 times (x 82B)
Class com.google.common.base.CharMatcher$And                                          : loaded 2 times (x 112B)
Class org.gradle.internal.classloader.ClasspathUtil$1                                 : loaded 2 times (x 76B)
Class com.google.common.base.Objects                                                  : loaded 2 times (x 71B)
Class org.objectweb.asm.FieldVisitor                                                  : loaded 2 times (x 77B)
Class com.google.common.collect.IndexedImmutableSet                                   : loaded 2 times (x 152B)
Class com.google.common.collect.ImmutableMap$1                                        : loaded 2 times (x 81B)
Class com.google.common.collect.BiMap                                                 : loaded 2 times (x 70B)
Class org.gradle.api.internal.classpath.DefaultModuleRegistry$DefaultModule           : loaded 2 times (x 86B)
Class com.google.common.base.Absent                                                   : loaded 2 times (x 80B)
Class com.google.common.primitives.Ints                                               : loaded 2 times (x 71B)
Class com.google.common.collect.AbstractIterator                                      : loaded 2 times (x 82B)
Class com.google.common.collect.ObjectArrays                                          : loaded 2 times (x 71B)
Class com.google.common.math.MathPreconditions                                        : loaded 2 times (x 71B)
Class com.google.common.collect.Multiset                                              : loaded 2 times (x 70B)
Class com.google.common.collect.ArrayListMultimapGwtSerializationDependencies         : loaded 2 times (x 172B)
Class com.google.common.collect.AbstractIndexedListIterator                           : loaded 2 times (x 96B)
Class com.google.common.collect.ImmutableMapEntrySet                                  : loaded 2 times (x 152B)
Class org.gradle.api.internal.classpath.Module                                        : loaded 2 times (x 70B)
Class com.google.common.cache.Weigher                                                 : loaded 2 times (x 70B)
Class org.gradle.api.internal.classpath.UnknownModuleException                        : loaded 2 times (x 82B)
Class com.google.common.base.Stopwatch                                                : loaded 2 times (x 72B)
Class com.google.common.cache.LocalCache$Strength                                     : loaded 2 times (x 81B)
Class com.google.common.cache.Cache                                                   : loaded 2 times (x 70B)
Class com.google.common.base.NullnessCasts                                            : loaded 2 times (x 71B)
Class com.google.common.util.concurrent.AbstractFuture$Cancellation                   : loaded 2 times (x 72B)
Class com.google.common.collect.ImmutableMap$Builder                                  : loaded 2 times (x 82B)
Class com.google.common.base.Present                                                  : loaded 2 times (x 81B)
Class com.google.common.collect.AbstractMapBasedMultimap$WrappedCollection$WrappedIterator: loaded 2 times (x 84B)
Class com.google.common.cache.RemovalListener                                         : loaded 2 times (x 70B)
Class org.gradle.api.internal.DefaultClassPathRegistry                                : loaded 2 times (x 76B)
Class com.google.common.primitives.IntsMethodsForWeb                                  : loaded 2 times (x 71B)
Class com.google.common.collect.Multimap                                              : loaded 2 times (x 70B)
Class org.gradle.api.internal.ClassPathRegistry                                       : loaded 2 times (x 70B)
Class org.gradle.internal.classpath.DefaultClassPath$ImmutableUniqueList              : loaded 2 times (x 199B)
Class com.google.common.base.ExtraObjectsMethodsForWeb                                : loaded 2 times (x 71B)
Class com.google.common.collect.MapMakerInternalMap$Segment                           : loaded 2 times (x 142B)
Class com.google.common.cache.CacheLoader$FunctionToCacheLoader                       : loaded 2 times (x 75B)
Class com.google.common.io.ByteSink                                                   : loaded 2 times (x 76B)
Class com.google.common.cache.CacheBuilder                                            : loaded 2 times (x 72B)
Class com.google.common.collect.SingletonImmutableList                                : loaded 2 times (x 207B)
Class Settings_gradle$1                                                               : loaded 2 times (x 74B)
Class org.gradle.internal.classpath.ClassPath                                         : loaded 2 times (x 70B)
Class com.google.common.collect.Interners$InternerBuilder                             : loaded 2 times (x 76B)
Class com.google.common.io.Files$FileByteSource                                       : loaded 2 times (x 85B)
Class com.google.common.base.JdkPattern                                               : loaded 2 times (x 75B)
Class com.google.common.collect.ImmutableList$ReverseImmutableList                    : loaded 2 times (x 209B)
Class org.objectweb.asm.SymbolTable$Entry                                             : loaded 2 times (x 74B)
Class org.objectweb.asm.Edge                                                          : loaded 2 times (x 72B)
Class com.google.common.base.Suppliers$SupplierOfInstance                             : loaded 2 times (x 79B)
Class com.google.common.collect.Iterators$1                                           : loaded 2 times (x 81B)
Class ijJvmDebugger1_cczc8vxz7m3kxxnoaqupzk0hw$_run_closure1$_closure2                : loaded 2 times (x 140B)
Class com.google.common.cache.LocalCache$ComputingValueReference                      : loaded 2 times (x 96B)
Class com.google.common.collect.SingletonImmutableSet                                 : loaded 2 times (x 146B)
Class com.google.common.collect.ImmutableMap$IteratorBasedImmutableMap                : loaded 2 times (x 126B)
Class com.google.common.cache.LocalCache$Segment                                      : loaded 2 times (x 154B)
Class com.google.common.collect.SortedIterable                                        : loaded 2 times (x 70B)
Class com.google.common.collect.AbstractListMultimap                                  : loaded 2 times (x 172B)
Class [Lorg.objectweb.asm.SymbolTable$Entry;                                          : loaded 2 times (x 69B)
Class com.google.common.cache.CacheLoader                                             : loaded 2 times (x 74B)
Class com.google.common.collect.Iterators$4                                           : loaded 2 times (x 82B)
Class com.google.common.collect.ImmutableBiMap                                        : loaded 2 times (x 143B)
Class org.gradle.api.internal.classpath.ModuleRegistry                                : loaded 2 times (x 70B)
Class org.gradle.internal.installation.GradleInstallation$1                           : loaded 2 times (x 75B)
Class com.google.common.base.Splitter$SplittingIterator                               : loaded 2 times (x 84B)
Class com.google.common.collect.ImmutableSet$JdkBackedSetBuilderImpl                  : loaded 2 times (x 76B)
Class com.google.common.util.concurrent.internal.InternalFutureFailureAccess          : loaded 2 times (x 72B)
Class com.google.common.collect.Iterators$5                                           : loaded 2 times (x 82B)
Class com.google.common.cache.LocalCache$LocalManualCache$1                           : loaded 2 times (x 75B)
Class com.google.common.base.CharMatcher$ForPredicate                                 : loaded 2 times (x 112B)
Class com.google.common.base.CharMatcher$AnyOf                                        : loaded 2 times (x 112B)
Class com.google.common.collect.ImmutableCollection                                   : loaded 2 times (x 125B)
Class org.gradle.api.internal.classpath.DefaultModuleRegistry                         : loaded 2 times (x 86B)
Class com.google.common.collect.Lists                                                 : loaded 2 times (x 71B)
Class com.google.common.util.concurrent.ListenableFuture                              : loaded 2 times (x 70B)
Class com.google.common.cache.ReferenceEntry                                          : loaded 2 times (x 70B)
Class com.google.common.base.Converter                                                : loaded 2 times (x 90B)
Class com.google.common.collect.ImmutableSet$CachingAsList                            : loaded 2 times (x 148B)
Class com.google.common.collect.AbstractMapBasedMultimap                              : loaded 2 times (x 139B)
Class com.google.common.util.concurrent.AbstractFuture                                : loaded 2 times (x 106B)
Class com.google.common.base.FunctionalEquivalence                                    : loaded 2 times (x 83B)
Class com.google.common.collect.Iterators$9                                           : loaded 2 times (x 81B)
Class com.google.common.collect.ImmutableAsList                                       : loaded 2 times (x 209B)
Class org.objectweb.asm.RecordComponentVisitor                                        : loaded 2 times (x 77B)
Class com.google.common.cache.CacheLoader$SupplierToCacheLoader                       : loaded 2 times (x 75B)
Class com.google.common.collect.Maps$EntryTransformer                                 : loaded 2 times (x 70B)
Class org.gradle.internal.service.ServiceLookupException                              : loaded 2 times (x 82B)
Class com.google.common.collect.ImmutableSortedSet                                    : loaded 2 times (x 300B)
Class com.google.common.collect.Lists$ReverseList                                     : loaded 2 times (x 200B)
Class [Lcom.google.common.cache.LocalCache$EntryFactory;                              : loaded 2 times (x 69B)
Class org.gradle.internal.classloader.ClassLoaderFactory                              : loaded 2 times (x 70B)
Class com.google.common.collect.ImmutableMap$SerializedForm                           : loaded 2 times (x 73B)
Class com.google.common.base.CommonPattern                                            : loaded 2 times (x 74B)
Class com.google.common.cache.LocalCache$LocalManualCache                             : loaded 2 times (x 99B)
Class com.google.common.base.CharMatcher$IsNot                                        : loaded 2 times (x 111B)
Class org.gradle.internal.service.CachingServiceLocator                               : loaded 2 times (x 82B)
Class com.google.common.collect.RegularImmutableSortedSet                             : loaded 2 times (x 300B)
Class com.google.common.collect.AbstractMapBasedMultimap$KeySet                       : loaded 2 times (x 137B)
Class com.google.common.math.IntMath                                                  : loaded 2 times (x 71B)
Class [Lcom.google.common.collect.HashBiMap$BiEntry;                                  : loaded 2 times (x 69B)
Class com.google.common.collect.MapMakerInternalMap$InternalEntry                     : loaded 2 times (x 70B)
Class com.google.common.collect.ImmutableMapEntry                                     : loaded 2 times (x 85B)
Class com.google.common.collect.ImmutableMultimap                                     : loaded 2 times (x 147B)
Class com.google.common.base.Equivalence                                              : loaded 2 times (x 82B)
Class com.google.common.base.Function                                                 : loaded 2 times (x 70B)
Class com.google.common.collect.ImmutableMapEntry$NonTerminalImmutableMapEntry        : loaded 2 times (x 85B)
Class com.google.common.collect.IndexedImmutableSet$1                                 : loaded 2 times (x 213B)
Class com.google.common.cache.CacheBuilder$OneWeigher                                 : loaded 2 times (x 82B)
Class com.google.common.collect.RegularImmutableList                                  : loaded 2 times (x 213B)
Class org.gradle.internal.classloader.ClasspathUtil                                   : loaded 2 times (x 71B)
Class com.google.common.util.concurrent.Uninterruptibles                              : loaded 2 times (x 71B)
Class com.google.common.io.CharSource                                                 : loaded 2 times (x 85B)
Class com.google.common.collect.AbstractMapBasedMultimap$WrappedSet                   : loaded 2 times (x 142B)
Class com.google.common.util.concurrent.LazyLogger                                    : loaded 2 times (x 72B)
Class com.google.common.collect.Maps                                                  : loaded 2 times (x 71B)
Class org.gradle.api.specs.Spec                                                       : loaded 2 times (x 70B)
Class com.google.common.collect.MapMaker                                              : loaded 2 times (x 72B)
Class [Lcom.google.common.collect.ImmutableEntry;                                     : loaded 2 times (x 69B)
Class com.google.common.cache.LocalCache$LoadingValueReference                        : loaded 2 times (x 96B)
Class ijKotlinCoroutineJvmDebugInit1_buww37xxpwyrlogzp1suct069                        : loaded 2 times (x 171B)
Class ijJvmDebugger1_cczc8vxz7m3kxxnoaqupzk0hw                                        : loaded 2 times (x 171B)
Class com.google.common.collect.CollectSpliterators                                   : loaded 2 times (x 71B)
Class com.google.common.collect.MapMakerInternalMap$StrongKeyDummyValueEntry          : loaded 2 times (x 82B)
Class com.google.common.base.Platform                                                 : loaded 2 times (x 71B)
Class com.google.common.collect.AbstractMapBasedMultimap$WrappedList                  : loaded 2 times (x 205B)
Class [Lorg.objectweb.asm.AnnotationWriter;                                           : loaded 2 times (x 69B)
Class com.google.common.collect.Maps$8                                                : loaded 2 times (x 82B)
Class com.google.common.collect.ImmutableRangeSet$Builder                             : loaded 2 times (x 77B)
Class [Lcom.google.common.collect.Iterators$EmptyModifiableIterator;                  : loaded 2 times (x 69B)
Class com.google.common.collect.Lists$ReverseList$1                                   : loaded 2 times (x 99B)
Class com.google.common.collect.Sets$SetView                                          : loaded 2 times (x 138B)
Class com.google.common.cache.LocalCache$StrongValueReference                         : loaded 2 times (x 90B)
Class com.google.common.graph.SuccessorsFunction                                      : loaded 2 times (x 70B)
Class org.objectweb.asm.Type                                                          : loaded 2 times (x 72B)
Class org.gradle.internal.classloader.VisitableURLClassLoader$InstrumentingVisitableURLClassLoader: loaded 2 times (x 123B)
Class com.google.common.collect.MapMakerInternalMap$StrongKeyDummyValueEntry$Helper   : loaded 2 times (x 79B)
Class com.google.common.io.Files$FileByteSink                                         : loaded 2 times (x 77B)
Class com.google.common.math.IntMath$1                                                : loaded 2 times (x 71B)
Class org.objectweb.asm.ByteVector                                                    : loaded 2 times (x 79B)
Class [Lcom.google.common.cache.CacheBuilder$NullListener;                            : loaded 2 times (x 69B)
Class org.gradle.internal.classloader.VisitableURLClassLoader$Spec                    : loaded 2 times (x 74B)
Class org.gradle.internal.classpath.DefaultClassPath                                  : loaded 2 times (x 90B)
Class com.google.common.base.AbstractIterator                                         : loaded 2 times (x 80B)
Class org.objectweb.asm.Symbol                                                        : loaded 2 times (x 73B)
Class com.google.common.io.Closer                                                     : loaded 2 times (x 78B)
Class com.google.common.base.CharMatcher$BitSetMatcher                                : loaded 2 times (x 112B)
Class com.google.common.collect.RegularImmutableMap$Values                            : loaded 2 times (x 207B)
Class com.google.common.collect.ImmutableSet                                          : loaded 2 times (x 145B)
Class org.gradle.internal.classloader.ClassLoaderSpec                                 : loaded 2 times (x 71B)
Class com.google.common.io.ByteSource$EmptyByteSource                                 : loaded 2 times (x 85B)
Class org.objectweb.asm.AnnotationWriter                                              : loaded 2 times (x 79B)
Class com.google.common.cache.CacheStats                                              : loaded 2 times (x 71B)
Class com.google.common.collect.Interners                                             : loaded 2 times (x 71B)
Class com.google.common.io.Closer$Suppressor                                          : loaded 2 times (x 70B)
Class com.google.common.io.LineProcessor                                              : loaded 2 times (x 70B)
Class org.objectweb.asm.RecordComponentWriter                                         : loaded 2 times (x 78B)
Class com.google.common.util.concurrent.AbstractFuture$Listener                       : loaded 2 times (x 72B)
Class com.google.common.base.CharMatcher$Or                                           : loaded 2 times (x 112B)
Class Settings_gradle$1$1                                                             : loaded 2 times (x 74B)
Class org.objectweb.asm.Attribute                                                     : loaded 2 times (x 77B)
Class com.google.common.base.Supplier                                                 : loaded 2 times (x 70B)
Class org.gradle.internal.classloader.VisitableURLClassLoader                         : loaded 2 times (x 117B)
Class com.google.common.collect.ImmutableList$SerializedForm                          : loaded 2 times (x 73B)
Class Settings_gradle                                                                 : loaded 2 times (x 124B)
Class org.gradle.internal.Cast                                                        : loaded 2 times (x 71B)
Class org.gradle.api.Action                                                           : loaded 2 times (x 70B)
Class com.google.common.collect.HashBiMap                                             : loaded 2 times (x 143B)
Class com.google.common.collect.MapMakerInternalMap                                   : loaded 2 times (x 161B)
Class com.google.common.base.Strings                                                  : loaded 2 times (x 71B)
Class com.google.common.collect.Sets                                                  : loaded 2 times (x 71B)
Class org.objectweb.asm.Handler                                                       : loaded 2 times (x 72B)
Class com.google.common.base.Ticker                                                   : loaded 2 times (x 72B)
Class com.google.common.base.CharMatcher$FastMatcher                                  : loaded 2 times (x 111B)
Class [Lcom.google.common.cache.LocalCache$Segment;                                   : loaded 2 times (x 69B)
Class [Lcom.google.common.cache.LocalCache$Strength;                                  : loaded 2 times (x 69B)
Class com.google.common.cache.CacheBuilder$1                                          : loaded 2 times (x 85B)
Class com.google.common.base.Predicate                                                : loaded 2 times (x 70B)
Class com.google.common.collect.ImmutableMap                                          : loaded 2 times (x 120B)
Class org.gradle.internal.classpath.DefaultClassPath$ImmutableUniqueList$Builder      : loaded 2 times (x 75B)
Class com.google.common.collect.AbstractRangeSet                                      : loaded 2 times (x 114B)
Class com.google.common.collect.MapMakerInternalMap$WeakValueReference                : loaded 2 times (x 70B)
Class com.google.common.cache.LocalCache                                              : loaded 2 times (x 187B)
Class com.google.common.cache.CacheBuilder$2                                          : loaded 2 times (x 79B)
Class com.google.common.base.CharMatcher$NegatedFastMatcher                           : loaded 2 times (x 113B)
Class com.google.common.collect.ArrayListMultimap                                     : loaded 2 times (x 172B)
Class com.google.common.cache.CacheBuilder$3                                          : loaded 2 times (x 72B)
Class [Lcom.google.common.collect.AbstractMapEntry;                                   : loaded 2 times (x 69B)
Class com.google.common.collect.ImmutableEntry                                        : loaded 2 times (x 82B)
Class org.gradle.api.GradleException                                                  : loaded 2 times (x 82B)
Class com.google.common.base.Suppliers$MemoizingSupplier                              : loaded 2 times (x 79B)
Class com.google.common.collect.CollectPreconditions                                  : loaded 2 times (x 71B)
Class [Lcom.google.common.collect.MapMakerInternalMap$Strength;                       : loaded 2 times (x 69B)
Class [Lcom.google.common.io.FileWriteMode;                                           : loaded 2 times (x 69B)
Class com.google.common.collect.SortedMapDifference                                   : loaded 2 times (x 70B)
Class ijJvmDebugger1_cczc8vxz7m3kxxnoaqupzk0hw$_run_closure1                          : loaded 2 times (x 139B)
Class com.google.common.collect.MapMakerInternalMap$StrongKeyDummyValueSegment        : loaded 2 times (x 142B)
Class com.google.common.io.Files                                                      : loaded 2 times (x 71B)
Class com.google.common.cache.LocalCache$EntryFactory                                 : loaded 2 times (x 83B)
Class [Lcom.google.common.collect.MapMaker$Dummy;                                     : loaded 2 times (x 69B)
Class com.google.common.base.CharMatcher$Whitespace                                   : loaded 2 times (x 112B)
Class com.google.common.cache.LocalCache$AbstractReferenceEntry                       : loaded 2 times (x 107B)
Class org.gradle.internal.IoActions                                                   : loaded 2 times (x 71B)
Class com.google.common.collect.ImmutableRangeSet$ComplementRanges                    : loaded 2 times (x 207B)
Class com.google.common.collect.ImmutableMapKeySet                                    : loaded 2 times (x 152B)
Class org.objectweb.asm.SymbolTable                                                   : loaded 2 times (x 72B)
Class com.google.common.cache.CacheLoader$InvalidCacheLoadException                   : loaded 2 times (x 82B)
Class com.google.common.collect.ImmutableSet$RegularSetBuilderImpl                    : loaded 2 times (x 77B)
Class org.gradle.internal.classloader.SystemClassLoaderSpec                           : loaded 2 times (x 71B)
Class com.google.common.cache.LocalCache$StrongEntry                                  : loaded 2 times (x 108B)
Class com.google.common.util.concurrent.AbstractFuture$TrustedFuture                  : loaded 2 times (x 114B)
Class com.google.common.cache.LoadingCache                                            : loaded 2 times (x 70B)
Class com.google.common.io.ByteStreams$LimitedInputStream                             : loaded 2 times (x 92B)
Class com.google.common.base.Suppliers$NonSerializableMemoizingSupplier               : loaded 2 times (x 79B)
Class org.objectweb.asm.MethodWriter                                                  : loaded 2 times (x 106B)
Class [Lcom.google.common.cache.Weigher;                                              : loaded 2 times (x 69B)
Class com.google.common.collect.RegularImmutableMap$BucketOverflowException           : loaded 2 times (x 82B)
Class com.google.common.collect.AbstractMapBasedMultimap$RandomAccessWrappedList      : loaded 2 times (x 205B)
Class com.google.common.collect.RegularImmutableBiMap                                 : loaded 2 times (x 149B)
Class com.google.common.cache.LocalCache$ValueReference                               : loaded 2 times (x 70B)
Class com.google.common.base.CharMatcher$Negated                                      : loaded 2 times (x 113B)
Class com.google.common.base.CharMatcher$Is                                           : loaded 2 times (x 111B)
Class com.google.common.hash.PrimitiveSink                                            : loaded 2 times (x 70B)
Class com.google.common.base.PatternCompiler                                          : loaded 2 times (x 70B)
Class com.google.common.util.concurrent.AbstractFuture$Failure                        : loaded 2 times (x 72B)
Class com.google.common.base.Equivalence$Equals                                       : loaded 2 times (x 82B)
Class com.google.common.collect.Hashing                                               : loaded 2 times (x 71B)
Class com.google.common.base.Preconditions                                            : loaded 2 times (x 71B)
Class com.google.common.collect.ImmutableSetMultimap                                  : loaded 2 times (x 180B)
Class com.google.common.io.CharSink                                                   : loaded 2 times (x 79B)
Class com.google.common.base.Joiner$1                                                 : loaded 2 times (x 80B)
Class org.objectweb.asm.Label                                                         : loaded 2 times (x 73B)
Class org.objectweb.asm.CurrentFrame                                                  : loaded 2 times (x 73B)
Class org.objectweb.asm.ClassTooLargeException                                        : loaded 2 times (x 83B)
Class com.google.common.base.CharMatcher                                              : loaded 2 times (x 111B)
Class com.google.common.collect.PeekingIterator                                       : loaded 2 times (x 70B)
Class com.google.common.collect.RangeGwtSerializationDependencies                     : loaded 2 times (x 71B)
Class com.google.common.io.ByteSource$AsCharSource                                    : loaded 2 times (x 86B)
Class com.google.common.collect.MapMakerInternalMap$InternalEntryHelper               : loaded 2 times (x 70B)
Class com.google.common.collect.Maps$IteratorBasedAbstractMap                         : loaded 2 times (x 125B)
Class com.google.common.collect.Table                                                 : loaded 2 times (x 70B)
Class com.google.common.base.Joiner$2                                                 : loaded 2 times (x 79B)
Class org.objectweb.asm.Frame                                                         : loaded 2 times (x 73B)
Class org.objectweb.asm.MethodVisitor                                                 : loaded 2 times (x 105B)
Class com.google.common.cache.LocalCache$EntryFactory$1                               : loaded 2 times (x 83B)
Class [Lcom.google.common.cache.RemovalListener;                                      : loaded 2 times (x 69B)
Class com.google.common.base.CharMatcher$NamedFastMatcher                             : loaded 2 times (x 112B)
Class com.google.common.base.CharMatcher$1                                            : loaded 2 times (x 113B)
Class com.google.common.collect.RangeSet                                              : loaded 2 times (x 70B)
Class com.google.common.cache.LocalCache$EntryFactory$2                               : loaded 2 times (x 83B)
Class org.gradle.api.internal.classpath.GlobalCacheRootsProvider                      : loaded 2 times (x 70B)
Class com.google.common.collect.CollectCollectors                                     : loaded 2 times (x 71B)
Class org.objectweb.asm.ModuleWriter                                                  : loaded 2 times (x 82B)
Class com.google.common.cache.LocalCache$EntryFactory$3                               : loaded 2 times (x 83B)
Class com.google.common.base.Ticker$1                                                 : loaded 2 times (x 72B)
Class com.google.common.collect.Maps$BiMapConverter                                   : loaded 2 times (x 90B)
Class com.google.common.collect.ImmutableMapEntrySet$RegularEntrySet                  : loaded 2 times (x 152B)
Class com.google.common.collect.SetMultimap                                           : loaded 2 times (x 70B)
Class com.google.common.collect.ImmutableSet$Builder                                  : loaded 2 times (x 85B)
Class com.google.common.cache.LocalCache$EntryFactory$4                               : loaded 2 times (x 83B)
Class com.google.common.base.CharMatcher$InRange                                      : loaded 2 times (x 111B)
Class com.google.common.io.ByteStreams$1                                              : loaded 2 times (x 85B)
Class com.google.common.cache.LocalCache$EntryFactory$5                               : loaded 2 times (x 83B)
Class com.google.common.base.PairwiseEquivalence                                      : loaded 2 times (x 83B)
Class com.google.common.collect.HashMultimap                                          : loaded 2 times (x 174B)
Class com.google.common.cache.LocalCache$EntryFactory$6                               : loaded 2 times (x 83B)
Class org.gradle.internal.installation.CurrentGradleInstallationLocator               : loaded 2 times (x 71B)
Class com.google.common.io.ByteSource$SlicedByteSource                                : loaded 2 times (x 85B)
Class com.google.common.collect.Maps$KeySet                                           : loaded 2 times (x 137B)
Class com.google.common.collect.ImmutableSet$EmptySetBuilderImpl                      : loaded 2 times (x 76B)
Class com.google.common.cache.LocalCache$EntryFactory$7                               : loaded 2 times (x 83B)
Class com.google.common.collect.ImmutableList                                         : loaded 2 times (x 206B)
Class org.gradle.internal.service.DefaultServiceLocator                               : loaded 2 times (x 83B)
Class com.google.common.collect.Maps$EntrySet                                         : loaded 2 times (x 136B)
Class com.google.common.cache.LocalCache$EntryFactory$8                               : loaded 2 times (x 83B)
Class com.google.common.collect.ImmutableSet$SetBuilderImpl                           : loaded 2 times (x 76B)
Class org.gradle.internal.installation.CurrentGradleInstallation                      : loaded 2 times (x 73B)
Class com.google.common.cache.CacheLoader$1                                           : loaded 2 times (x 75B)
Class com.google.common.collect.ForwardingObject                                      : loaded 2 times (x 72B)
Class com.google.common.collect.ImmutableList$SubList                                 : loaded 2 times (x 209B)
Class org.gradle.util.internal.GUtil                                                  : loaded 2 times (x 71B)
Class com.google.common.io.ByteSource                                                 : loaded 2 times (x 84B)
Class com.google.common.cache.AbstractCache$StatsCounter                              : loaded 2 times (x 70B)
Class com.google.common.collect.MapMakerInternalMap$1                                 : loaded 2 times (x 83B)
Class com.google.common.collect.Iterators$MergingIterator                             : loaded 2 times (x 81B)
Class com.google.common.collect.RegularImmutableSet                                   : loaded 2 times (x 149B)
Class org.gradle.internal.installation.GradleInstallation                             : loaded 2 times (x 75B)
Class com.google.common.base.Splitter$Strategy                                        : loaded 2 times (x 70B)
Class com.google.common.collect.Iterables                                             : loaded 2 times (x 71B)
Class com.google.common.collect.Lists$RandomAccessReverseList                         : loaded 2 times (x 200B)

---------------  S Y S T E M  ---------------

OS:
 Windows 11 , 64 bit Build 26100 (10.0.26100.8246)
OS uptime: 0 days 22:32 hours
Hyper-V role detected

CPU: total 8 (initial active 8) (4 cores per cpu, 2 threads per core) family 6 model 142 stepping 11 microcode 0xf4, cx8, cmov, fxsr, ht, mmx, 3dnowpref, sse, sse2, sse3, ssse3, sse4.1, sse4.2, popcnt, lzcnt, tsc, tscinvbit, avx, avx2, aes, erms, clmul, bmi1, bmi2, adx, fma, vzeroupper, clflush, clflushopt, hv, rdtscp, f16c
Processor Information for the first 8 processors :
  Max Mhz: 1800, Current Mhz: 1600, Mhz Limit: 1584

Memory: 4k page, system-wide physical 8030M (406M free)
TotalPageFile size 18415M (AvailPageFile size 3M)
current process WorkingSet (physical memory assigned to process): 954M, peak: 957M
current process commit charge ("private bytes"): 1032M, peak: 1032M

vm_info: OpenJDK 64-Bit Server VM (21.0.10+-14961533-b1163.108) for windows-amd64 JRE (21.0.10+-14961533-b1163.108), built on 2026-03-02T19:58:50Z by "builder" with MS VC++ 16.10 / 16.11 (VS2019)

END.
