#
# There is insufficient memory for the Java Runtime Environment to continue.
# Native memory allocation (malloc) failed to allocate 2299632 bytes. Error detail: Chunk::new
# Possible reasons:
#   The system is out of physical RAM or swap space
#   This process is running with CompressedOops enabled, and the Java Heap may be blocking the growth of the native heap
# Possible solutions:
#   Reduce memory load on the system
#   Increase physical memory or swap space
#   Check if swap backing store is full
#   Decrease Java heap size (-Xmx/-Xms)
#   Decrease number of Java threads
#   Decrease Java thread stack sizes (-Xss)
#   Set larger code cache with -XX:ReservedCodeCacheSize=
#   JVM is running with Unscaled Compressed Oops mode in which the Java heap is
#     placed in the first 4GB address space. The Java Heap base address is the
#     maximum limit for the native heap growth. Please use -XX:HeapBaseMinAddress
#     to set the Java Heap base and to place the Java Heap above 4GB virtual address.
# This output file may be truncated or incomplete.
#
#  Out of Memory Error (arena.cpp:168), pid=8472, tid=17048
#
# JRE version: OpenJDK Runtime Environment (21.0.10) (build 21.0.10+-14961533-b1163.108)
# Java VM: OpenJDK 64-Bit Server VM (21.0.10+-14961533-b1163.108, mixed mode, tiered, compressed oops, compressed class ptrs, g1 gc, windows-amd64)
# No core dump will be written. Minidumps are not enabled by default on client versions of Windows
#

---------------  S U M M A R Y ------------

Command Line: --add-opens=java.base/java.lang=ALL-UNNAMED --add-opens=java.base/java.lang.invoke=ALL-UNNAMED --add-opens=java.base/java.util=ALL-UNNAMED --add-opens=java.prefs/java.util.prefs=ALL-UNNAMED --add-exports=jdk.compiler/com.sun.tools.javac.api=ALL-UNNAMED --add-exports=jdk.compiler/com.sun.tools.javac.util=ALL-UNNAMED --add-opens=java.base/java.util=ALL-UNNAMED --add-opens=java.prefs/java.util.prefs=ALL-UNNAMED --add-opens=java.base/java.nio.charset=ALL-UNNAMED --add-opens=java.base/java.net=ALL-UNNAMED --add-opens=java.base/java.util.concurrent=ALL-UNNAMED --add-opens=java.base/java.util.concurrent.atomic=ALL-UNNAMED --add-opens=java.xml/javax.xml.namespace=ALL-UNNAMED --add-opens=java.base/java.time=ALL-UNNAMED -Xmx2048m -Dfile.encoding=UTF-8 -Duser.country=FR -Duser.language=fr -Duser.variant -javaagent:C:\Users\HP\.gradle\wrapper\dists\gradle-9.3.1-bin\23ovyewtku6u96viwx3xl3oks\gradle-9.3.1\lib\agents\gradle-instrumentation-agent-9.3.1.jar org.gradle.launcher.daemon.bootstrap.GradleDaemon 9.3.1

Host: Intel(R) Core(TM) i5-8265U CPU @ 1.60GHz, 8 cores, 7G,  Windows 11 , 64 bit Build 26100 (10.0.26100.8246)
Time: Wed Apr 22 10:18:51 2026 elapsed time: 105.680253 seconds (0d 0h 1m 45s)

---------------  T H R E A D  ---------------

Current thread (0x000001d091f7fe40):  JavaThread "C2 CompilerThread2" daemon [_thread_in_native, id=17048, stack(0x000000add6900000,0x000000add6a00000) (1024K)]


Current CompileTask:
C2:105680 22333       4       com.android.tools.r8.internal.zf0::a (3327 bytes)

Stack: [0x000000add6900000,0x000000add6a00000]
Native frames: (J=compiled Java code, j=interpreted, Vv=VM code, C=native code)
V  [jvm.dll+0x6d78a9]
V  [jvm.dll+0x8665b3]
V  [jvm.dll+0x868bde]
V  [jvm.dll+0x8692c3]
V  [jvm.dll+0x280ee6]
V  [jvm.dll+0xc07cd]
V  [jvm.dll+0xc0d03]
V  [jvm.dll+0x3ba0cb]
V  [jvm.dll+0x385df7]
V  [jvm.dll+0x38526a]
V  [jvm.dll+0x249bd2]
V  [jvm.dll+0x2491a1]
V  [jvm.dll+0x1c76e4]
V  [jvm.dll+0x25891e]
V  [jvm.dll+0x256e66]
V  [jvm.dll+0x3f513e]
V  [jvm.dll+0x80fd28]
V  [jvm.dll+0x6d60fd]
C  [ucrtbase.dll+0x37b0]
C  [KERNEL32.DLL+0x2e8d7]
C  [ntdll.dll+0x8c3fc]


---------------  P R O C E S S  ---------------

Threads class SMR info:
_java_thread_list=0x000001d0aecbef10, length=149, elements={
0x000001d0f1d1d2b0, 0x000001d0fa5abfd0, 0x000001d0fa5e6360, 0x000001d0fa5e7930,
0x000001d0fa5f9c40, 0x000001d0fa5fa6a0, 0x000001d0fa5fbc70, 0x000001d0fa5fc6d0,
0x000001d0fa5fdfd0, 0x000001d0fa606b20, 0x000001d0ff031920, 0x000001d090902510,
0x000001d0907844d0, 0x000001d090762b90, 0x000001d090a79e90, 0x000001d0905648e0,
0x000001d090cdafc0, 0x000001d0ff7fab70, 0x000001d0ff7fa4e0, 0x000001d0ff7f7d80,
0x000001d0ff7f8410, 0x000001d0ff7f9130, 0x000001d0ff7f9e50, 0x000001d09122aa60,
0x000001d09122c4a0, 0x000001d091229020, 0x000001d09122cb30, 0x000001d0912296b0,
0x000001d09122f290, 0x000001d09122dee0, 0x000001d09122ffb0, 0x000001d09122d850,
0x000001d09122ec00, 0x000001d09102b240, 0x000001d09102cc80, 0x000001d09102a520,
0x000001d09102e030, 0x000001d09102bf60, 0x000001d09102abb0, 0x000001d09102ed50,
0x000001d09102e6c0, 0x000001d09102b8d0, 0x000001d09102f3e0, 0x000001d09102fa70,
0x000001d09102c5f0, 0x000001d091031b40, 0x000001d091030100, 0x000001d0910314b0,
0x000001d091030790, 0x000001d091030e20, 0x000001d09034f2a0, 0x000001d090351370,
0x000001d09034f930, 0x000001d09034ffc0, 0x000001d090350650, 0x000001d090351a00,
0x000001d09034e580, 0x000001d090350ce0, 0x000001d090352090, 0x000001d09034ec10,
0x000001d090353ad0, 0x000001d090354160, 0x000001d090355ba0, 0x000001d090353440,
0x000001d094dceea0, 0x000001d094dcc740, 0x000001d094dcf530, 0x000001d094dccdd0,
0x000001d094dcd460, 0x000001d094dcdaf0, 0x000001d094dce180, 0x000001d094dce810,
0x000001d09334f130, 0x000001d09334f7c0, 0x000001d09334e410, 0x000001d09334eaa0,
0x000001d0933504e0, 0x000001d09334fe50, 0x000001d09334dd80, 0x000001d09334d060,
0x000001d093350b70, 0x000001d09334d6f0, 0x000001d0933525b0, 0x000001d093352c40,
0x000001d093353ff0, 0x000001d08f8eea50, 0x000001d090355510, 0x000001d0af3d9d80,
0x000001d0a887a8b0, 0x000001d0a887c2f0, 0x000001d0a887af40, 0x000001d0a887d6a0,
0x000001d0a887b5d0, 0x000001d0a887f770, 0x000001d0a88811b0, 0x000001d0a887ea50,
0x000001d0a887fe00, 0x000001d0a887dd30, 0x000001d0a887f0e0, 0x000001d0a8880b20,
0x000001d0a887e3c0, 0x000001d0a8881ed0, 0x000001d0adbb3d80, 0x000001d0adbb1cb0,
0x000001d0adbb6b70, 0x000001d0adbb2340, 0x000001d0adbb7890, 0x000001d0adbb64e0,
0x000001d0adbb4aa0, 0x000001d0adbb57c0, 0x000001d0adbb7200, 0x000001d0adbb4410,
0x000001d0adbb9960, 0x000001d0adbb92d0, 0x000001d0adbb7f20, 0x000001d0adbbb3a0,
0x000001d094cbf3e0, 0x000001d0ade2eda0, 0x000001d0ade30150, 0x000001d0ade2d9f0,
0x000001d0ade2f430, 0x000001d0ade2e080, 0x000001d0ade2e710, 0x000001d0ade2ccd0,
0x000001d0ade2fac0, 0x000001d0ade307e0, 0x000001d0ade2d360, 0x000001d0a8a95f80,
0x000001d0a8a979c0, 0x000001d0a8a986e0, 0x000001d0a8a958f0, 0x000001d0a8a99400,
0x000001d0a8a98050, 0x000001d0a8a98d70, 0x000001d0a8a99a90, 0x000001d0a8a96ca0,
0x000001d0a8a96610, 0x000001d0a8aa1740, 0x000001d0a8aa2460, 0x000001d0af338c10,
0x000001d091f7fe40, 0x000001d0af3364b0, 0x000001d0af333030, 0x000001d0af338580,
0x000001d0af3392a0, 0x000001d0af339930, 0x000001d0af336b40, 0x000001d0af3371d0,
0x000001d0af33ace0
}

Java Threads: ( => current thread )
  0x000001d0f1d1d2b0 JavaThread "main"                              [_thread_blocked, id=24848, stack(0x000000adccf00000,0x000000adcd000000) (1024K)]
  0x000001d0fa5abfd0 JavaThread "Common-Cleaner"             daemon [_thread_blocked, id=24780, stack(0x000000adcd700000,0x000000adcd800000) (1024K)]
  0x000001d0fa5e6360 JavaThread "Reference Handler"          daemon [_thread_blocked, id=15252, stack(0x000000adcd800000,0x000000adcd900000) (1024K)]
  0x000001d0fa5e7930 JavaThread "Finalizer"                  daemon [_thread_blocked, id=16768, stack(0x000000adcd900000,0x000000adcda00000) (1024K)]
  0x000001d0fa5f9c40 JavaThread "Signal Dispatcher"          daemon [_thread_blocked, id=11684, stack(0x000000adcda00000,0x000000adcdb00000) (1024K)]
  0x000001d0fa5fa6a0 JavaThread "Attach Listener"            daemon [_thread_blocked, id=14144, stack(0x000000adcdb00000,0x000000adcdc00000) (1024K)]
  0x000001d0fa5fbc70 JavaThread "Service Thread"             daemon [_thread_blocked, id=18396, stack(0x000000adcdc00000,0x000000adcdd00000) (1024K)]
  0x000001d0fa5fc6d0 JavaThread "Monitor Deflation Thread"   daemon [_thread_blocked, id=10744, stack(0x000000adcdd00000,0x000000adcde00000) (1024K)]
  0x000001d0fa5fdfd0 JavaThread "C2 CompilerThread0"         daemon [_thread_in_native, id=20460, stack(0x000000adcde00000,0x000000adcdf00000) (1024K)]
  0x000001d0fa606b20 JavaThread "C1 CompilerThread0"         daemon [_thread_blocked, id=4048, stack(0x000000adcdf00000,0x000000adce000000) (1024K)]
  0x000001d0ff031920 JavaThread "Notification Thread"        daemon [_thread_blocked, id=21728, stack(0x000000adce000000,0x000000adce100000) (1024K)]
  0x000001d090902510 JavaThread "Daemon health stats"               [_thread_blocked, id=12620, stack(0x000000adce400000,0x000000adce500000) (1024K)]
  0x000001d0907844d0 JavaThread "Incoming local TCP Connector on port 54562"        [_thread_in_native, id=24112, stack(0x000000adce700000,0x000000adce800000) (1024K)]
  0x000001d090762b90 JavaThread "Daemon periodic checks"            [_thread_blocked, id=3908, stack(0x000000adce800000,0x000000adce900000) (1024K)]
  0x000001d090a79e90 JavaThread "Daemon"                            [_thread_blocked, id=21844, stack(0x000000adcec00000,0x000000adced00000) (1024K)]
  0x000001d0905648e0 JavaThread "Handler for socket connection from /127.0.0.1:54562 to /127.0.0.1:54563"        [_thread_in_native, id=21800, stack(0x000000adced00000,0x000000adcee00000) (1024K)]
  0x000001d090cdafc0 JavaThread "Cancel handler"                    [_thread_blocked, id=19316, stack(0x000000adcee00000,0x000000adcef00000) (1024K)]
  0x000001d0ff7fab70 JavaThread "Daemon worker"                     [_thread_blocked, id=13940, stack(0x000000adcf000000,0x000000adcf100000) (1024K)]
  0x000001d0ff7fa4e0 JavaThread "Asynchronous log dispatcher for DefaultDaemonConnection: socket connection from /127.0.0.1:54562 to /127.0.0.1:54563"        [_thread_blocked, id=22968, stack(0x000000adcf100000,0x000000adcf200000) (1024K)]
  0x000001d0ff7f7d80 JavaThread "Stdin handler"                     [_thread_blocked, id=22156, stack(0x000000adcf200000,0x000000adcf300000) (1024K)]
  0x000001d0ff7f8410 JavaThread "Daemon client event forwarder"        [_thread_blocked, id=8436, stack(0x000000adcf300000,0x000000adcf400000) (1024K)]
  0x000001d0ff7f9130 JavaThread "Cache worker for journal cache (C:\Users\HP\.gradle\caches\journal-1)"        [_thread_blocked, id=20916, stack(0x000000adcf400000,0x000000adcf500000) (1024K)]
  0x000001d0ff7f9e50 JavaThread "File lock request listener"        [_thread_in_native, id=13936, stack(0x000000adcf500000,0x000000adcf600000) (1024K)]
  0x000001d09122aa60 JavaThread "Cache worker for file hash cache (C:\Users\HP\.gradle\caches\9.3.1\fileHashes)"        [_thread_blocked, id=19204, stack(0x000000adcf600000,0x000000adcf700000) (1024K)]
  0x000001d09122c4a0 JavaThread "Cache worker for file hash cache (C:\Users\HP\AndroidStudioProjects\TP4_persist\.gradle\9.3.1\fileHashes)"        [_thread_blocked, id=19880, stack(0x000000adcf800000,0x000000adcf900000) (1024K)]
  0x000001d091229020 JavaThread "Cache worker for Build Output Cleanup Cache (C:\Users\HP\AndroidStudioProjects\TP4_persist\.gradle\buildOutputCleanup)"        [_thread_blocked, id=17756, stack(0x000000adcf900000,0x000000adcfa00000) (1024K)]
  0x000001d09122cb30 JavaThread "File watcher server"        daemon [_thread_in_native, id=4660, stack(0x000000adcfa00000,0x000000adcfb00000) (1024K)]
  0x000001d0912296b0 JavaThread "File watcher consumer"      daemon [_thread_blocked, id=18564, stack(0x000000adcfb00000,0x000000adcfc00000) (1024K)]
  0x000001d09122f290 JavaThread "Cache worker for checksums cache (C:\Users\HP\AndroidStudioProjects\TP4_persist\.gradle\9.3.1\checksums)"        [_thread_blocked, id=7568, stack(0x000000adcfc00000,0x000000adcfd00000) (1024K)]
  0x000001d09122dee0 JavaThread "Cache worker for file content cache (C:\Users\HP\.gradle\caches\9.3.1\fileContent)"        [_thread_blocked, id=24340, stack(0x000000adcfd00000,0x000000adcfe00000) (1024K)]
  0x000001d09122ffb0 JavaThread "Cache worker for cache directory md-supplier (C:\Users\HP\.gradle\caches\9.3.1\md-supplier)"        [_thread_blocked, id=13384, stack(0x000000adcfe00000,0x000000adcff00000) (1024K)]
  0x000001d09122d850 JavaThread "Cache worker for cache directory md-rule (C:\Users\HP\.gradle\caches\9.3.1\md-rule)"        [_thread_blocked, id=21724, stack(0x000000adcff00000,0x000000add0000000) (1024K)]
  0x000001d09122ec00 JavaThread "jar transforms"                    [_thread_blocked, id=11904, stack(0x000000add0000000,0x000000add0100000) (1024K)]
  0x000001d09102b240 JavaThread "jar transforms Thread 2"           [_thread_blocked, id=3808, stack(0x000000add0100000,0x000000add0200000) (1024K)]
  0x000001d09102cc80 JavaThread "jar transforms Thread 3"           [_thread_blocked, id=25136, stack(0x000000add0200000,0x000000add0300000) (1024K)]
  0x000001d09102a520 JavaThread "Unconstrained build operations"        [_thread_blocked, id=7736, stack(0x000000adcf700000,0x000000adcf800000) (1024K)]
  0x000001d09102e030 JavaThread "Unconstrained build operations Thread 2"        [_thread_blocked, id=16568, stack(0x000000add0300000,0x000000add0400000) (1024K)]
  0x000001d09102bf60 JavaThread "Unconstrained build operations Thread 3"        [_thread_blocked, id=768, stack(0x000000add0400000,0x000000add0500000) (1024K)]
  0x000001d09102abb0 JavaThread "Unconstrained build operations Thread 4"        [_thread_blocked, id=19900, stack(0x000000add0500000,0x000000add0600000) (1024K)]
  0x000001d09102ed50 JavaThread "Unconstrained build operations Thread 5"        [_thread_blocked, id=15164, stack(0x000000add0600000,0x000000add0700000) (1024K)]
  0x000001d09102e6c0 JavaThread "Unconstrained build operations Thread 6"        [_thread_blocked, id=1712, stack(0x000000add0700000,0x000000add0800000) (1024K)]
  0x000001d09102b8d0 JavaThread "Unconstrained build operations Thread 7"        [_thread_blocked, id=20664, stack(0x000000add0800000,0x000000add0900000) (1024K)]
  0x000001d09102f3e0 JavaThread "Unconstrained build operations Thread 8"        [_thread_blocked, id=17024, stack(0x000000add0a00000,0x000000add0b00000) (1024K)]
  0x000001d09102fa70 JavaThread "Unconstrained build operations Thread 9"        [_thread_blocked, id=7660, stack(0x000000add0b00000,0x000000add0c00000) (1024K)]
  0x000001d09102c5f0 JavaThread "Unconstrained build operations Thread 10"        [_thread_blocked, id=4204, stack(0x000000add0c00000,0x000000add0d00000) (1024K)]
  0x000001d091031b40 JavaThread "Unconstrained build operations Thread 11"        [_thread_blocked, id=17064, stack(0x000000add0d00000,0x000000add0e00000) (1024K)]
  0x000001d091030100 JavaThread "Unconstrained build operations Thread 12"        [_thread_blocked, id=2964, stack(0x000000add0e00000,0x000000add0f00000) (1024K)]
  0x000001d0910314b0 JavaThread "Unconstrained build operations Thread 13"        [_thread_blocked, id=4804, stack(0x000000add0f00000,0x000000add1000000) (1024K)]
  0x000001d091030790 JavaThread "Unconstrained build operations Thread 14"        [_thread_blocked, id=16084, stack(0x000000add1000000,0x000000add1100000) (1024K)]
  0x000001d091030e20 JavaThread "jar transforms Thread 4"           [_thread_blocked, id=23820, stack(0x000000add1100000,0x000000add1200000) (1024K)]
  0x000001d09034f2a0 JavaThread "jar transforms Thread 5"           [_thread_blocked, id=23480, stack(0x000000add1200000,0x000000add1300000) (1024K)]
  0x000001d090351370 JavaThread "Unconstrained build operations Thread 15"        [_thread_blocked, id=23808, stack(0x000000add1300000,0x000000add1400000) (1024K)]
  0x000001d09034f930 JavaThread "Unconstrained build operations Thread 16"        [_thread_blocked, id=23396, stack(0x000000add1400000,0x000000add1500000) (1024K)]
  0x000001d09034ffc0 JavaThread "Unconstrained build operations Thread 17"        [_thread_blocked, id=7060, stack(0x000000add1500000,0x000000add1600000) (1024K)]
  0x000001d090350650 JavaThread "Unconstrained build operations Thread 18"        [_thread_blocked, id=14128, stack(0x000000add1600000,0x000000add1700000) (1024K)]
  0x000001d090351a00 JavaThread "Unconstrained build operations Thread 19"        [_thread_blocked, id=12936, stack(0x000000add1700000,0x000000add1800000) (1024K)]
  0x000001d09034e580 JavaThread "Unconstrained build operations Thread 20"        [_thread_blocked, id=24132, stack(0x000000add1800000,0x000000add1900000) (1024K)]
  0x000001d090350ce0 JavaThread "Unconstrained build operations Thread 21"        [_thread_blocked, id=20100, stack(0x000000add1900000,0x000000add1a00000) (1024K)]
  0x000001d090352090 JavaThread "jar transforms Thread 6"           [_thread_blocked, id=19616, stack(0x000000add1a00000,0x000000add1b00000) (1024K)]
  0x000001d09034ec10 JavaThread "jar transforms Thread 7"           [_thread_blocked, id=20944, stack(0x000000add1b00000,0x000000add1c00000) (1024K)]
  0x000001d090353ad0 JavaThread "jar transforms Thread 8"           [_thread_blocked, id=17640, stack(0x000000add1c00000,0x000000add1d00000) (1024K)]
  0x000001d090354160 JavaThread "Unconstrained build operations Thread 22"        [_thread_blocked, id=7424, stack(0x000000add1d00000,0x000000add1e00000) (1024K)]
  0x000001d090355ba0 JavaThread "Unconstrained build operations Thread 23"        [_thread_blocked, id=21164, stack(0x000000add1e00000,0x000000add1f00000) (1024K)]
  0x000001d090353440 JavaThread "Unconstrained build operations Thread 24"        [_thread_blocked, id=22984, stack(0x000000add1f00000,0x000000add2000000) (1024K)]
  0x000001d094dceea0 JavaThread "Unconstrained build operations Thread 25"        [_thread_blocked, id=9176, stack(0x000000add2000000,0x000000add2100000) (1024K)]
  0x000001d094dcc740 JavaThread "Unconstrained build operations Thread 26"        [_thread_blocked, id=11108, stack(0x000000add2100000,0x000000add2200000) (1024K)]
  0x000001d094dcf530 JavaThread "Unconstrained build operations Thread 27"        [_thread_blocked, id=7544, stack(0x000000add2200000,0x000000add2300000) (1024K)]
  0x000001d094dccdd0 JavaThread "Unconstrained build operations Thread 28"        [_thread_blocked, id=23172, stack(0x000000add2300000,0x000000add2400000) (1024K)]
  0x000001d094dcd460 JavaThread "Unconstrained build operations Thread 29"        [_thread_blocked, id=8188, stack(0x000000add2400000,0x000000add2500000) (1024K)]
  0x000001d094dcdaf0 JavaThread "Unconstrained build operations Thread 30"        [_thread_blocked, id=21984, stack(0x000000add2500000,0x000000add2600000) (1024K)]
  0x000001d094dce180 JavaThread "Unconstrained build operations Thread 31"        [_thread_blocked, id=3028, stack(0x000000add2600000,0x000000add2700000) (1024K)]
  0x000001d094dce810 JavaThread "Unconstrained build operations Thread 32"        [_thread_blocked, id=20340, stack(0x000000add2700000,0x000000add2800000) (1024K)]
  0x000001d09334f130 JavaThread "Unconstrained build operations Thread 33"        [_thread_blocked, id=11280, stack(0x000000add2800000,0x000000add2900000) (1024K)]
  0x000001d09334f7c0 JavaThread "Unconstrained build operations Thread 34"        [_thread_blocked, id=25432, stack(0x000000add2900000,0x000000add2a00000) (1024K)]
  0x000001d09334e410 JavaThread "Unconstrained build operations Thread 35"        [_thread_blocked, id=4812, stack(0x000000add2a00000,0x000000add2b00000) (1024K)]
  0x000001d09334eaa0 JavaThread "Unconstrained build operations Thread 36"        [_thread_blocked, id=24452, stack(0x000000add2b00000,0x000000add2c00000) (1024K)]
  0x000001d0933504e0 JavaThread "Unconstrained build operations Thread 37"        [_thread_blocked, id=11588, stack(0x000000add2c00000,0x000000add2d00000) (1024K)]
  0x000001d09334fe50 JavaThread "Unconstrained build operations Thread 38"        [_thread_blocked, id=1516, stack(0x000000add2d00000,0x000000add2e00000) (1024K)]
  0x000001d09334dd80 JavaThread "Unconstrained build operations Thread 39"        [_thread_blocked, id=22164, stack(0x000000add2e00000,0x000000add2f00000) (1024K)]
  0x000001d09334d060 JavaThread "Unconstrained build operations Thread 40"        [_thread_blocked, id=24012, stack(0x000000add2f00000,0x000000add3000000) (1024K)]
  0x000001d093350b70 JavaThread "Unconstrained build operations Thread 41"        [_thread_blocked, id=13096, stack(0x000000add3000000,0x000000add3100000) (1024K)]
  0x000001d09334d6f0 JavaThread "Unconstrained build operations Thread 42"        [_thread_blocked, id=18028, stack(0x000000add3100000,0x000000add3200000) (1024K)]
  0x000001d0933525b0 JavaThread "Unconstrained build operations Thread 43"        [_thread_blocked, id=10968, stack(0x000000add3200000,0x000000add3300000) (1024K)]
  0x000001d093352c40 JavaThread "Unconstrained build operations Thread 44"        [_thread_blocked, id=2656, stack(0x000000add3300000,0x000000add3400000) (1024K)]
  0x000001d093353ff0 JavaThread "Unconstrained build operations Thread 45"        [_thread_blocked, id=23824, stack(0x000000add3400000,0x000000add3500000) (1024K)]
  0x000001d08f8eea50 JavaThread "build event listener"              [_thread_blocked, id=18460, stack(0x000000add0900000,0x000000add0a00000) (1024K)]
  0x000001d090355510 JavaThread "Memory manager"                    [_thread_blocked, id=10900, stack(0x000000add3500000,0x000000add3600000) (1024K)]
  0x000001d0af3d9d80 JavaThread "build event listener"              [_thread_blocked, id=24068, stack(0x000000add3600000,0x000000add3700000) (1024K)]
  0x000001d0a887a8b0 JavaThread "included builds"                   [_thread_blocked, id=9464, stack(0x000000adcce00000,0x000000adccf00000) (1024K)]
  0x000001d0a887c2f0 JavaThread "Execution worker"                  [_thread_blocked, id=24436, stack(0x000000add3800000,0x000000add3900000) (1024K)]
  0x000001d0a887af40 JavaThread "Execution worker Thread 2"         [_thread_blocked, id=18404, stack(0x000000add3900000,0x000000add3a00000) (1024K)]
  0x000001d0a887d6a0 JavaThread "Execution worker Thread 3"         [_thread_in_Java, id=20272, stack(0x000000add3a00000,0x000000add3b00000) (1024K)]
  0x000001d0a887b5d0 JavaThread "Execution worker Thread 4"         [_thread_blocked, id=7720, stack(0x000000add3b00000,0x000000add3c00000) (1024K)]
  0x000001d0a887f770 JavaThread "Execution worker Thread 5"         [_thread_blocked, id=24644, stack(0x000000add3c00000,0x000000add3d00000) (1024K)]
  0x000001d0a88811b0 JavaThread "Execution worker Thread 6"         [_thread_blocked, id=18792, stack(0x000000add3d00000,0x000000add3e00000) (1024K)]
  0x000001d0a887ea50 JavaThread "Execution worker Thread 7"         [_thread_blocked, id=13188, stack(0x000000add3e00000,0x000000add3f00000) (1024K)]
  0x000001d0a887fe00 JavaThread "Cache worker for execution history cache (C:\Users\HP\AndroidStudioProjects\TP4_persist\.gradle\9.3.1\executionHistory)"        [_thread_blocked, id=21312, stack(0x000000add3f00000,0x000000add4000000) (1024K)]
  0x000001d0a887dd30 JavaThread "Unconstrained build operations Thread 46"        [_thread_blocked, id=8776, stack(0x000000adccd00000,0x000000adcce00000) (1024K)]
  0x000001d0a887f0e0 JavaThread "Unconstrained build operations Thread 47"        [_thread_blocked, id=20700, stack(0x000000add4000000,0x000000add4100000) (1024K)]
  0x000001d0a8880b20 JavaThread "Unconstrained build operations Thread 48"        [_thread_blocked, id=5048, stack(0x000000add4100000,0x000000add4200000) (1024K)]
  0x000001d0a887e3c0 JavaThread "Unconstrained build operations Thread 49"        [_thread_blocked, id=22436, stack(0x000000add4200000,0x000000add4300000) (1024K)]
  0x000001d0a8881ed0 JavaThread "Unconstrained build operations Thread 50"        [_thread_blocked, id=10216, stack(0x000000add4300000,0x000000add4400000) (1024K)]
  0x000001d0adbb3d80 JavaThread "Unconstrained build operations Thread 51"        [_thread_blocked, id=22548, stack(0x000000add4400000,0x000000add4500000) (1024K)]
  0x000001d0adbb1cb0 JavaThread "Unconstrained build operations Thread 52"        [_thread_blocked, id=16628, stack(0x000000add4500000,0x000000add4600000) (1024K)]
  0x000001d0adbb6b70 JavaThread "Unconstrained build operations Thread 53"        [_thread_blocked, id=24752, stack(0x000000add4700000,0x000000add4800000) (1024K)]
  0x000001d0adbb2340 JavaThread "Unconstrained build operations Thread 54"        [_thread_blocked, id=16116, stack(0x000000add4800000,0x000000add4900000) (1024K)]
  0x000001d0adbb7890 JavaThread "Unconstrained build operations Thread 55"        [_thread_blocked, id=13120, stack(0x000000add4900000,0x000000add4a00000) (1024K)]
  0x000001d0adbb64e0 JavaThread "Unconstrained build operations Thread 56"        [_thread_blocked, id=11984, stack(0x000000add4a00000,0x000000add4b00000) (1024K)]
  0x000001d0adbb4aa0 JavaThread "Unconstrained build operations Thread 57"        [_thread_blocked, id=4540, stack(0x000000add4b00000,0x000000add4c00000) (1024K)]
  0x000001d0adbb57c0 JavaThread "Unconstrained build operations Thread 58"        [_thread_blocked, id=23504, stack(0x000000add4c00000,0x000000add4d00000) (1024K)]
  0x000001d0adbb7200 JavaThread "Unconstrained build operations Thread 59"        [_thread_blocked, id=12580, stack(0x000000add4d00000,0x000000add4e00000) (1024K)]
  0x000001d0adbb4410 JavaThread "Unconstrained build operations Thread 60"        [_thread_blocked, id=7580, stack(0x000000add4e00000,0x000000add4f00000) (1024K)]
  0x000001d0adbb9960 JavaThread "Unconstrained build operations Thread 61"        [_thread_blocked, id=17380, stack(0x000000add4f00000,0x000000add5000000) (1024K)]
  0x000001d0adbb92d0 JavaThread "Exec process"                      [_thread_blocked, id=20264, stack(0x000000add5000000,0x000000add5100000) (1024K)]
  0x000001d0adbb7f20 JavaThread "Exec process Thread 2"             [_thread_blocked, id=12672, stack(0x000000add5100000,0x000000add5200000) (1024K)]
  0x000001d0adbbb3a0 JavaThread "Exec process Thread 3"             [_thread_blocked, id=2256, stack(0x000000add5200000,0x000000add5300000) (1024K)]
  0x000001d094cbf3e0 JavaThread "C2 CompilerThread1"         daemon [_thread_in_native, id=25068, stack(0x000000adccc00000,0x000000adccd00000) (1024K)]
  0x000001d0ade2eda0 JavaThread "Unconstrained build operations Thread 62"        [_thread_blocked, id=1284, stack(0x000000add4600000,0x000000add4700000) (1024K)]
  0x000001d0ade30150 JavaThread "Unconstrained build operations Thread 63"        [_thread_blocked, id=23184, stack(0x000000add5300000,0x000000add5400000) (1024K)]
  0x000001d0ade2d9f0 JavaThread "Unconstrained build operations Thread 64"        [_thread_blocked, id=13612, stack(0x000000add5400000,0x000000add5500000) (1024K)]
  0x000001d0ade2f430 JavaThread "Unconstrained build operations Thread 65"        [_thread_blocked, id=19996, stack(0x000000add5500000,0x000000add5600000) (1024K)]
  0x000001d0ade2e080 JavaThread "Unconstrained build operations Thread 66"        [_thread_blocked, id=10192, stack(0x000000add5600000,0x000000add5700000) (1024K)]
  0x000001d0ade2e710 JavaThread "Unconstrained build operations Thread 67"        [_thread_blocked, id=25272, stack(0x000000add5700000,0x000000add5800000) (1024K)]
  0x000001d0ade2ccd0 JavaThread "Unconstrained build operations Thread 68"        [_thread_blocked, id=18532, stack(0x000000add5800000,0x000000add5900000) (1024K)]
  0x000001d0ade2fac0 JavaThread "Unconstrained build operations Thread 69"        [_thread_blocked, id=1628, stack(0x000000add5a00000,0x000000add5b00000) (1024K)]
  0x000001d0ade307e0 JavaThread "Unconstrained build operations Thread 70"        [_thread_blocked, id=17280, stack(0x000000add5b00000,0x000000add5c00000) (1024K)]
  0x000001d0ade2d360 JavaThread "Unconstrained build operations Thread 71"        [_thread_blocked, id=22452, stack(0x000000add5c00000,0x000000add5d00000) (1024K)]
  0x000001d0a8a95f80 JavaThread "Unconstrained build operations Thread 72"        [_thread_blocked, id=18108, stack(0x000000add5d00000,0x000000add5e00000) (1024K)]
  0x000001d0a8a979c0 JavaThread "Unconstrained build operations Thread 73"        [_thread_blocked, id=11416, stack(0x000000add5e00000,0x000000add5f00000) (1024K)]
  0x000001d0a8a986e0 JavaThread "Unconstrained build operations Thread 74"        [_thread_blocked, id=5816, stack(0x000000add5f00000,0x000000add6000000) (1024K)]
  0x000001d0a8a958f0 JavaThread "Unconstrained build operations Thread 75"        [_thread_blocked, id=25488, stack(0x000000add6000000,0x000000add6100000) (1024K)]
  0x000001d0a8a99400 JavaThread "Unconstrained build operations Thread 76"        [_thread_blocked, id=24684, stack(0x000000add6100000,0x000000add6200000) (1024K)]
  0x000001d0a8a98050 JavaThread "Unconstrained build operations Thread 77"        [_thread_blocked, id=23716, stack(0x000000add6200000,0x000000add6300000) (1024K)]
  0x000001d0a8a98d70 JavaThread "Unconstrained build operations Thread 78"        [_thread_blocked, id=15772, stack(0x000000add6300000,0x000000add6400000) (1024K)]
  0x000001d0a8a99a90 JavaThread "Unconstrained build operations Thread 79"        [_thread_blocked, id=3452, stack(0x000000add6400000,0x000000add6500000) (1024K)]
  0x000001d0a8a96ca0 JavaThread "Unconstrained build operations Thread 80"        [_thread_blocked, id=4372, stack(0x000000add6500000,0x000000add6600000) (1024K)]
  0x000001d0a8a96610 JavaThread "WorkerExecutor Queue"              [_thread_blocked, id=15128, stack(0x000000add5900000,0x000000add5a00000) (1024K)]
  0x000001d0a8aa1740 JavaThread "WorkerExecutor Queue Thread 2"        [_thread_blocked, id=4972, stack(0x000000add6600000,0x000000add6700000) (1024K)]
  0x000001d0a8aa2460 JavaThread "WorkerExecutor Queue Thread 3"        [_thread_blocked, id=21152, stack(0x000000add6700000,0x000000add6800000) (1024K)]
  0x000001d0af338c10 JavaThread "WorkerExecutor Queue Thread 4"        [_thread_blocked, id=3556, stack(0x000000add6800000,0x000000add6900000) (1024K)]
=>0x000001d091f7fe40 JavaThread "C2 CompilerThread2"         daemon [_thread_in_native, id=17048, stack(0x000000add6900000,0x000000add6a00000) (1024K)]
  0x000001d0af3364b0 JavaThread "ForkJoinPool-1-worker-1"    daemon [_thread_in_Java, id=6500, stack(0x000000add6a00000,0x000000add6b00000) (1024K)]
  0x000001d0af333030 JavaThread "ForkJoinPool-1-worker-2"    daemon [_thread_blocked, id=5576, stack(0x000000add6b00000,0x000000add6c00000) (1024K)]
  0x000001d0af338580 JavaThread "ForkJoinPool-1-worker-3"    daemon [_thread_in_Java, id=18176, stack(0x000000add6c00000,0x000000add6d00000) (1024K)]
  0x000001d0af3392a0 JavaThread "ForkJoinPool-1-worker-4"    daemon [_thread_in_Java, id=18900, stack(0x000000add6d00000,0x000000add6e00000) (1024K)]
  0x000001d0af339930 JavaThread "ForkJoinPool-1-worker-5"    daemon [_thread_blocked, id=15572, stack(0x000000add6e00000,0x000000add6f00000) (1024K)]
  0x000001d0af336b40 JavaThread "ForkJoinPool-1-worker-6"    daemon [_thread_blocked, id=3148, stack(0x000000add6f00000,0x000000add7000000) (1024K)]
  0x000001d0af3371d0 JavaThread "ForkJoinPool-1-worker-7"    daemon [_thread_blocked, id=1660, stack(0x000000add7000000,0x000000add7100000) (1024K)]
  0x000001d0af33ace0 JavaThread "ForkJoinPool-1-worker-8"    daemon [_thread_in_vm, id=19800, stack(0x000000add7100000,0x000000add7200000) (1024K)]
Total: 149

Other Threads:
  0x000001d0fa4189f0 VMThread "VM Thread"                           [id=17268, stack(0x000000adcd600000,0x000000adcd700000) (1024K)]
  0x000001d0f1d171e0 WatcherThread "VM Periodic Task Thread"        [id=18604, stack(0x000000adcd500000,0x000000adcd600000) (1024K)]
  0x000001d0f1d77170 WorkerThread "GC Thread#0"                     [id=15956, stack(0x000000adcd000000,0x000000adcd100000) (1024K)]
  0x000001d0ff212120 WorkerThread "GC Thread#1"                     [id=14728, stack(0x000000adce200000,0x000000adce300000) (1024K)]
  0x000001d0ff442560 WorkerThread "GC Thread#2"                     [id=24656, stack(0x000000adce300000,0x000000adce400000) (1024K)]
  0x000001d0ff7fe2e0 WorkerThread "GC Thread#3"                     [id=7776, stack(0x000000adce500000,0x000000adce600000) (1024K)]
  0x000001d08f8b0510 WorkerThread "GC Thread#4"                     [id=24776, stack(0x000000adce600000,0x000000adce700000) (1024K)]
  0x000001d090bcf920 WorkerThread "GC Thread#5"                     [id=2344, stack(0x000000adce900000,0x000000adcea00000) (1024K)]
  0x000001d090723b20 WorkerThread "GC Thread#6"                     [id=23832, stack(0x000000adcea00000,0x000000adceb00000) (1024K)]
  0x000001d090d0e150 WorkerThread "GC Thread#7"                     [id=16644, stack(0x000000adceb00000,0x000000adcec00000) (1024K)]
  0x000001d0f1d88070 ConcurrentGCThread "G1 Main Marker"            [id=23636, stack(0x000000adcd100000,0x000000adcd200000) (1024K)]
  0x000001d0f1d898d0 WorkerThread "G1 Conc#0"                       [id=19360, stack(0x000000adcd200000,0x000000adcd300000) (1024K)]
  0x000001d0909ad8a0 WorkerThread "G1 Conc#1"                       [id=7712, stack(0x000000adcef00000,0x000000adcf000000) (1024K)]
  0x000001d0fa28f560 ConcurrentGCThread "G1 Refine#0"               [id=8236, stack(0x000000adcd300000,0x000000adcd400000) (1024K)]
  0x000001d0fa290da0 ConcurrentGCThread "G1 Service"                [id=23220, stack(0x000000adcd400000,0x000000adcd500000) (1024K)]
Total: 15

Threads with active compile tasks:
C2 CompilerThread0  105763 22575       4       com.android.tools.r8.dex.z::a (880 bytes)
C1 CompilerThread0  105763 22867       2       com.android.tools.r8.internal.fi0::<init> (7 bytes)
C2 CompilerThread1  105763 22474 %     4       com.android.tools.r8.dex.z::a @ 293 (1018 bytes)
C2 CompilerThread2  105763 22333       4       com.android.tools.r8.internal.zf0::a (3327 bytes)
Total: 4

VM state: not at safepoint (normal execution)

VM Mutex/Monitor currently owned by a thread: None

Heap address: 0x0000000080000000, size: 2048 MB, Compressed Oops mode: 32-bit

CDS archive(s) not mapped
Compressed class space mapped at: 0x0000000100000000-0x0000000140000000, reserved size: 1073741824
Narrow klass base: 0x0000000000000000, Narrow klass shift: 3, Narrow klass range: 0x140000000

GC Precious Log:
 CardTable entry size: 512
 Card Set container configuration: InlinePtr #cards 5 size 8 Array Of Cards #cards 12 size 40 Howl #buckets 4 coarsen threshold 1843 Howl Bitmap #cards 512 size 80 coarsen threshold 460 Card regions per heap region 1 cards per card region 2048
 CPUs: 8 total, 8 available
 Memory: 8030M
 Large Page Support: Disabled
 NUMA Support: Disabled
 Compressed Oops: Enabled (32-bit)
 Heap Region Size: 1M
 Heap Min Capacity: 8M
 Heap Initial Capacity: 126M
 Heap Max Capacity: 2G
 Pre-touch: Disabled
 Parallel Workers: 8
 Concurrent Workers: 2
 Concurrent Refinement Workers: 8
 Periodic GC: Disabled

Heap:
 garbage-first heap   total 380928K, used 330597K [0x0000000080000000, 0x0000000100000000)
  region size 1024K, 112 young (114688K), 5 survivors (5120K)
 Metaspace       used 202083K, committed 204736K, reserved 1245184K
  class space    used 27019K, committed 28288K, reserved 1048576K

Heap Regions: E=young(eden), S=young(survivor), O=old, HS=humongous(starts), HC=humongous(continues), CS=collection set, F=free, TAMS=top-at-mark-start, PB=parsable bottom
|   0|0x0000000080000000, 0x0000000080100000, 0x0000000080100000|100%|HS|  |TAMS 0x0000000080000000| PB 0x0000000080000000| Complete 
|   1|0x0000000080100000, 0x0000000080200000, 0x0000000080200000|100%|HC|  |TAMS 0x0000000080100000| PB 0x0000000080100000| Complete 
|   2|0x0000000080200000, 0x0000000080300000, 0x0000000080300000|100%|HC|  |TAMS 0x0000000080200000| PB 0x0000000080200000| Complete 
|   3|0x0000000080300000, 0x0000000080400000, 0x0000000080400000|100%|HC|  |TAMS 0x0000000080300000| PB 0x0000000080300000| Complete 
|   4|0x0000000080400000, 0x0000000080500000, 0x0000000080500000|100%| O|  |TAMS 0x0000000080400000| PB 0x0000000080400000| Untracked 
|   5|0x0000000080500000, 0x0000000080600000, 0x0000000080600000|100%| O|  |TAMS 0x0000000080500000| PB 0x0000000080500000| Untracked 
|   6|0x0000000080600000, 0x0000000080700000, 0x0000000080700000|100%| O|  |TAMS 0x0000000080600000| PB 0x0000000080600000| Untracked 
|   7|0x0000000080700000, 0x0000000080800000, 0x0000000080800000|100%|HS|  |TAMS 0x0000000080700000| PB 0x0000000080700000| Complete 
|   8|0x0000000080800000, 0x0000000080900000, 0x0000000080900000|100%| O|  |TAMS 0x0000000080800000| PB 0x0000000080800000| Untracked 
|   9|0x0000000080900000, 0x0000000080a00000, 0x0000000080a00000|100%| O|  |TAMS 0x0000000080900000| PB 0x0000000080900000| Untracked 
|  10|0x0000000080a00000, 0x0000000080b00000, 0x0000000080b00000|100%| O|  |TAMS 0x0000000080a00000| PB 0x0000000080a00000| Untracked 
|  11|0x0000000080b00000, 0x0000000080c00000, 0x0000000080c00000|100%| O|  |TAMS 0x0000000080b00000| PB 0x0000000080b00000| Untracked 
|  12|0x0000000080c00000, 0x0000000080d00000, 0x0000000080d00000|100%| O|  |TAMS 0x0000000080c00000| PB 0x0000000080c00000| Untracked 
|  13|0x0000000080d00000, 0x0000000080e00000, 0x0000000080e00000|100%| O|  |TAMS 0x0000000080d00000| PB 0x0000000080d00000| Untracked 
|  14|0x0000000080e00000, 0x0000000080f00000, 0x0000000080f00000|100%| O|  |TAMS 0x0000000080e00000| PB 0x0000000080e00000| Untracked 
|  15|0x0000000080f00000, 0x0000000081000000, 0x0000000081000000|100%| O|  |TAMS 0x0000000080f00000| PB 0x0000000080f00000| Untracked 
|  16|0x0000000081000000, 0x0000000081100000, 0x0000000081100000|100%| O|  |TAMS 0x0000000081000000| PB 0x0000000081000000| Untracked 
|  17|0x0000000081100000, 0x0000000081200000, 0x0000000081200000|100%| O|  |TAMS 0x0000000081100000| PB 0x0000000081100000| Untracked 
|  18|0x0000000081200000, 0x0000000081300000, 0x0000000081300000|100%| O|  |TAMS 0x0000000081200000| PB 0x0000000081200000| Untracked 
|  19|0x0000000081300000, 0x0000000081400000, 0x0000000081400000|100%| O|  |TAMS 0x0000000081300000| PB 0x0000000081300000| Untracked 
|  20|0x0000000081400000, 0x0000000081500000, 0x0000000081500000|100%| O|  |TAMS 0x0000000081400000| PB 0x0000000081400000| Untracked 
|  21|0x0000000081500000, 0x0000000081600000, 0x0000000081600000|100%| O|  |TAMS 0x0000000081500000| PB 0x0000000081500000| Untracked 
|  22|0x0000000081600000, 0x0000000081700000, 0x0000000081700000|100%| O|  |TAMS 0x0000000081600000| PB 0x0000000081600000| Untracked 
|  23|0x0000000081700000, 0x0000000081800000, 0x0000000081800000|100%| O|  |TAMS 0x0000000081700000| PB 0x0000000081700000| Untracked 
|  24|0x0000000081800000, 0x0000000081900000, 0x0000000081900000|100%| O|  |TAMS 0x0000000081800000| PB 0x0000000081800000| Untracked 
|  25|0x0000000081900000, 0x0000000081a00000, 0x0000000081a00000|100%| O|  |TAMS 0x0000000081900000| PB 0x0000000081900000| Untracked 
|  26|0x0000000081a00000, 0x0000000081b00000, 0x0000000081b00000|100%| O|  |TAMS 0x0000000081a00000| PB 0x0000000081a00000| Untracked 
|  27|0x0000000081b00000, 0x0000000081c00000, 0x0000000081c00000|100%| O|  |TAMS 0x0000000081b00000| PB 0x0000000081b00000| Untracked 
|  28|0x0000000081c00000, 0x0000000081d00000, 0x0000000081d00000|100%| O|  |TAMS 0x0000000081c00000| PB 0x0000000081c00000| Untracked 
|  29|0x0000000081d00000, 0x0000000081e00000, 0x0000000081e00000|100%| O|  |TAMS 0x0000000081d00000| PB 0x0000000081d00000| Untracked 
|  30|0x0000000081e00000, 0x0000000081f00000, 0x0000000081f00000|100%| O|  |TAMS 0x0000000081e00000| PB 0x0000000081e00000| Untracked 
|  31|0x0000000081f00000, 0x0000000082000000, 0x0000000082000000|100%| O|  |TAMS 0x0000000081f00000| PB 0x0000000081f00000| Untracked 
|  32|0x0000000082000000, 0x0000000082100000, 0x0000000082100000|100%| O|  |TAMS 0x0000000082000000| PB 0x0000000082000000| Untracked 
|  33|0x0000000082100000, 0x0000000082200000, 0x0000000082200000|100%| O|  |TAMS 0x0000000082100000| PB 0x0000000082100000| Untracked 
|  34|0x0000000082200000, 0x0000000082300000, 0x0000000082300000|100%| O|  |TAMS 0x0000000082200000| PB 0x0000000082200000| Untracked 
|  35|0x0000000082300000, 0x0000000082400000, 0x0000000082400000|100%|HS|  |TAMS 0x0000000082300000| PB 0x0000000082300000| Complete 
|  36|0x0000000082400000, 0x0000000082500000, 0x0000000082500000|100%|HC|  |TAMS 0x0000000082400000| PB 0x0000000082400000| Complete 
|  37|0x0000000082500000, 0x0000000082600000, 0x0000000082600000|100%| O|  |TAMS 0x0000000082500000| PB 0x0000000082500000| Untracked 
|  38|0x0000000082600000, 0x0000000082700000, 0x0000000082700000|100%| O|  |TAMS 0x0000000082600000| PB 0x0000000082600000| Untracked 
|  39|0x0000000082700000, 0x0000000082800000, 0x0000000082800000|100%| O|  |TAMS 0x0000000082700000| PB 0x0000000082700000| Untracked 
|  40|0x0000000082800000, 0x0000000082900000, 0x0000000082900000|100%| O|  |TAMS 0x0000000082800000| PB 0x0000000082800000| Untracked 
|  41|0x0000000082900000, 0x0000000082a00000, 0x0000000082a00000|100%| O|  |TAMS 0x0000000082900000| PB 0x0000000082900000| Untracked 
|  42|0x0000000082a00000, 0x0000000082b00000, 0x0000000082b00000|100%| O|  |TAMS 0x0000000082a00000| PB 0x0000000082a00000| Untracked 
|  43|0x0000000082b00000, 0x0000000082c00000, 0x0000000082c00000|100%| O|  |TAMS 0x0000000082b00000| PB 0x0000000082b00000| Untracked 
|  44|0x0000000082c00000, 0x0000000082d00000, 0x0000000082d00000|100%| O|  |TAMS 0x0000000082c00000| PB 0x0000000082c00000| Untracked 
|  45|0x0000000082d00000, 0x0000000082e00000, 0x0000000082e00000|100%| O|  |TAMS 0x0000000082d00000| PB 0x0000000082d00000| Untracked 
|  46|0x0000000082e00000, 0x0000000082f00000, 0x0000000082f00000|100%| O|  |TAMS 0x0000000082e00000| PB 0x0000000082e00000| Untracked 
|  47|0x0000000082f00000, 0x0000000083000000, 0x0000000083000000|100%| O|  |TAMS 0x0000000082f00000| PB 0x0000000082f00000| Untracked 
|  48|0x0000000083000000, 0x0000000083100000, 0x0000000083100000|100%| O|  |TAMS 0x0000000083000000| PB 0x0000000083000000| Untracked 
|  49|0x0000000083100000, 0x0000000083200000, 0x0000000083200000|100%| O|  |TAMS 0x0000000083100000| PB 0x0000000083100000| Untracked 
|  50|0x0000000083200000, 0x0000000083300000, 0x0000000083300000|100%| O|  |TAMS 0x0000000083200000| PB 0x0000000083200000| Untracked 
|  51|0x0000000083300000, 0x0000000083400000, 0x0000000083400000|100%| O|  |TAMS 0x0000000083300000| PB 0x0000000083300000| Untracked 
|  52|0x0000000083400000, 0x0000000083500000, 0x0000000083500000|100%| O|  |TAMS 0x0000000083400000| PB 0x0000000083400000| Untracked 
|  53|0x0000000083500000, 0x0000000083600000, 0x0000000083600000|100%| O|  |TAMS 0x0000000083500000| PB 0x0000000083500000| Untracked 
|  54|0x0000000083600000, 0x0000000083700000, 0x0000000083700000|100%| O|  |TAMS 0x0000000083600000| PB 0x0000000083600000| Untracked 
|  55|0x0000000083700000, 0x0000000083800000, 0x0000000083800000|100%| O|  |TAMS 0x0000000083700000| PB 0x0000000083700000| Untracked 
|  56|0x0000000083800000, 0x0000000083900000, 0x0000000083900000|100%| O|  |TAMS 0x0000000083800000| PB 0x0000000083800000| Untracked 
|  57|0x0000000083900000, 0x0000000083a00000, 0x0000000083a00000|100%| O|  |TAMS 0x0000000083900000| PB 0x0000000083900000| Untracked 
|  58|0x0000000083a00000, 0x0000000083b00000, 0x0000000083b00000|100%| O|  |TAMS 0x0000000083a00000| PB 0x0000000083a00000| Untracked 
|  59|0x0000000083b00000, 0x0000000083c00000, 0x0000000083c00000|100%| O|  |TAMS 0x0000000083b00000| PB 0x0000000083b00000| Untracked 
|  60|0x0000000083c00000, 0x0000000083d00000, 0x0000000083d00000|100%| O|  |TAMS 0x0000000083c00000| PB 0x0000000083c00000| Untracked 
|  61|0x0000000083d00000, 0x0000000083e00000, 0x0000000083e00000|100%| O|  |TAMS 0x0000000083d00000| PB 0x0000000083d00000| Untracked 
|  62|0x0000000083e00000, 0x0000000083f00000, 0x0000000083f00000|100%| O|  |TAMS 0x0000000083e00000| PB 0x0000000083e00000| Untracked 
|  63|0x0000000083f00000, 0x0000000084000000, 0x0000000084000000|100%| O|  |TAMS 0x0000000083f00000| PB 0x0000000083f00000| Untracked 
|  64|0x0000000084000000, 0x0000000084100000, 0x0000000084100000|100%| O|  |TAMS 0x0000000084000000| PB 0x0000000084000000| Untracked 
|  65|0x0000000084100000, 0x0000000084200000, 0x0000000084200000|100%| O|  |TAMS 0x0000000084100000| PB 0x0000000084100000| Untracked 
|  66|0x0000000084200000, 0x0000000084300000, 0x0000000084300000|100%| O|  |TAMS 0x0000000084200000| PB 0x0000000084200000| Untracked 
|  67|0x0000000084300000, 0x0000000084400000, 0x0000000084400000|100%| O|  |TAMS 0x0000000084300000| PB 0x0000000084300000| Untracked 
|  68|0x0000000084400000, 0x0000000084500000, 0x0000000084500000|100%| O|  |TAMS 0x0000000084400000| PB 0x0000000084400000| Untracked 
|  69|0x0000000084500000, 0x0000000084600000, 0x0000000084600000|100%| O|  |TAMS 0x0000000084500000| PB 0x0000000084500000| Untracked 
|  70|0x0000000084600000, 0x0000000084700000, 0x0000000084700000|100%| O|  |TAMS 0x0000000084600000| PB 0x0000000084600000| Untracked 
|  71|0x0000000084700000, 0x0000000084800000, 0x0000000084800000|100%| O|  |TAMS 0x0000000084700000| PB 0x0000000084700000| Untracked 
|  72|0x0000000084800000, 0x0000000084900000, 0x0000000084900000|100%| O|  |TAMS 0x0000000084800000| PB 0x0000000084800000| Untracked 
|  73|0x0000000084900000, 0x0000000084a00000, 0x0000000084a00000|100%| O|  |TAMS 0x0000000084900000| PB 0x0000000084900000| Untracked 
|  74|0x0000000084a00000, 0x0000000084b00000, 0x0000000084b00000|100%| O|  |TAMS 0x0000000084a00000| PB 0x0000000084a00000| Untracked 
|  75|0x0000000084b00000, 0x0000000084c00000, 0x0000000084c00000|100%|HS|  |TAMS 0x0000000084b00000| PB 0x0000000084b00000| Complete 
|  76|0x0000000084c00000, 0x0000000084d00000, 0x0000000084d00000|100%|HC|  |TAMS 0x0000000084c00000| PB 0x0000000084c00000| Complete 
|  77|0x0000000084d00000, 0x0000000084e00000, 0x0000000084e00000|100%|HS|  |TAMS 0x0000000084d00000| PB 0x0000000084d00000| Complete 
|  78|0x0000000084e00000, 0x0000000084f00000, 0x0000000084f00000|100%| O|  |TAMS 0x0000000084e00000| PB 0x0000000084e00000| Untracked 
|  79|0x0000000084f00000, 0x0000000085000000, 0x0000000085000000|100%| O|  |TAMS 0x0000000084f00000| PB 0x0000000084f00000| Untracked 
|  80|0x0000000085000000, 0x0000000085100000, 0x0000000085100000|100%| O|  |TAMS 0x0000000085000000| PB 0x0000000085000000| Untracked 
|  81|0x0000000085100000, 0x0000000085200000, 0x0000000085200000|100%| O|  |TAMS 0x0000000085100000| PB 0x0000000085100000| Untracked 
|  82|0x0000000085200000, 0x0000000085300000, 0x0000000085300000|100%| O|  |TAMS 0x0000000085200000| PB 0x0000000085200000| Untracked 
|  83|0x0000000085300000, 0x0000000085400000, 0x0000000085400000|100%| O|Cm|TAMS 0x0000000085300000| PB 0x0000000085300000| Complete 
|  84|0x0000000085400000, 0x0000000085500000, 0x0000000085500000|100%|HS|  |TAMS 0x0000000085400000| PB 0x0000000085400000| Complete 
|  85|0x0000000085500000, 0x0000000085600000, 0x0000000085600000|100%|HC|  |TAMS 0x0000000085500000| PB 0x0000000085500000| Complete 
|  86|0x0000000085600000, 0x0000000085700000, 0x0000000085700000|100%| O|Cm|TAMS 0x0000000085600000| PB 0x0000000085600000| Complete 
|  87|0x0000000085700000, 0x0000000085800000, 0x0000000085800000|100%| O|  |TAMS 0x0000000085700000| PB 0x0000000085700000| Untracked 
|  88|0x0000000085800000, 0x0000000085900000, 0x0000000085900000|100%| O|  |TAMS 0x0000000085800000| PB 0x0000000085800000| Untracked 
|  89|0x0000000085900000, 0x0000000085a00000, 0x0000000085a00000|100%| O|  |TAMS 0x0000000085900000| PB 0x0000000085900000| Untracked 
|  90|0x0000000085a00000, 0x0000000085b00000, 0x0000000085b00000|100%| O|  |TAMS 0x0000000085a00000| PB 0x0000000085a00000| Untracked 
|  91|0x0000000085b00000, 0x0000000085c00000, 0x0000000085c00000|100%| O|  |TAMS 0x0000000085b00000| PB 0x0000000085b00000| Untracked 
|  92|0x0000000085c00000, 0x0000000085d00000, 0x0000000085d00000|100%| O|  |TAMS 0x0000000085c00000| PB 0x0000000085c00000| Untracked 
|  93|0x0000000085d00000, 0x0000000085e00000, 0x0000000085e00000|100%| O|  |TAMS 0x0000000085d00000| PB 0x0000000085d00000| Untracked 
|  94|0x0000000085e00000, 0x0000000085f00000, 0x0000000085f00000|100%|HS|  |TAMS 0x0000000085e00000| PB 0x0000000085e00000| Complete 
|  95|0x0000000085f00000, 0x0000000086000000, 0x0000000086000000|100%| O|  |TAMS 0x0000000085f00000| PB 0x0000000085f00000| Untracked 
|  96|0x0000000086000000, 0x0000000086100000, 0x0000000086100000|100%|HS|  |TAMS 0x0000000086000000| PB 0x0000000086000000| Complete 
|  97|0x0000000086100000, 0x0000000086200000, 0x0000000086200000|100%|HS|  |TAMS 0x0000000086100000| PB 0x0000000086100000| Complete 
|  98|0x0000000086200000, 0x0000000086300000, 0x0000000086300000|100%|HS|  |TAMS 0x0000000086200000| PB 0x0000000086200000| Complete 
|  99|0x0000000086300000, 0x0000000086400000, 0x0000000086400000|100%|HC|  |TAMS 0x0000000086300000| PB 0x0000000086300000| Complete 
| 100|0x0000000086400000, 0x0000000086500000, 0x0000000086500000|100%|HS|  |TAMS 0x0000000086400000| PB 0x0000000086400000| Complete 
| 101|0x0000000086500000, 0x0000000086600000, 0x0000000086600000|100%|HS|  |TAMS 0x0000000086500000| PB 0x0000000086500000| Complete 
| 102|0x0000000086600000, 0x0000000086700000, 0x0000000086700000|100%|HS|  |TAMS 0x0000000086600000| PB 0x0000000086600000| Complete 
| 103|0x0000000086700000, 0x0000000086800000, 0x0000000086800000|100%|HS|  |TAMS 0x0000000086700000| PB 0x0000000086700000| Complete 
| 104|0x0000000086800000, 0x0000000086900000, 0x0000000086900000|100%|HS|  |TAMS 0x0000000086800000| PB 0x0000000086800000| Complete 
| 105|0x0000000086900000, 0x0000000086a00000, 0x0000000086a00000|100%| O|  |TAMS 0x0000000086900000| PB 0x0000000086900000| Untracked 
| 106|0x0000000086a00000, 0x0000000086b00000, 0x0000000086b00000|100%| O|  |TAMS 0x0000000086a00000| PB 0x0000000086a00000| Untracked 
| 107|0x0000000086b00000, 0x0000000086c00000, 0x0000000086c00000|100%| O|  |TAMS 0x0000000086b00000| PB 0x0000000086b00000| Untracked 
| 108|0x0000000086c00000, 0x0000000086d00000, 0x0000000086d00000|100%| O|  |TAMS 0x0000000086c00000| PB 0x0000000086c00000| Untracked 
| 109|0x0000000086d00000, 0x0000000086e00000, 0x0000000086e00000|100%| O|  |TAMS 0x0000000086d00000| PB 0x0000000086d00000| Untracked 
| 110|0x0000000086e00000, 0x0000000086f00000, 0x0000000086f00000|100%| O|Cm|TAMS 0x0000000086e00000| PB 0x0000000086e00000| Complete 
| 111|0x0000000086f00000, 0x0000000087000000, 0x0000000087000000|100%| O|  |TAMS 0x0000000086f00000| PB 0x0000000086f00000| Untracked 
| 112|0x0000000087000000, 0x0000000087100000, 0x0000000087100000|100%| O|  |TAMS 0x0000000087000000| PB 0x0000000087000000| Untracked 
| 113|0x0000000087100000, 0x0000000087200000, 0x0000000087200000|100%| O|  |TAMS 0x0000000087100000| PB 0x0000000087100000| Untracked 
| 114|0x0000000087200000, 0x0000000087300000, 0x0000000087300000|100%| O|  |TAMS 0x0000000087200000| PB 0x0000000087200000| Untracked 
| 115|0x0000000087300000, 0x0000000087400000, 0x0000000087400000|100%| O|  |TAMS 0x0000000087300000| PB 0x0000000087300000| Untracked 
| 116|0x0000000087400000, 0x0000000087500000, 0x0000000087500000|100%| O|Cm|TAMS 0x0000000087400000| PB 0x0000000087400000| Complete 
| 117|0x0000000087500000, 0x0000000087600000, 0x0000000087600000|100%|HS|  |TAMS 0x0000000087500000| PB 0x0000000087500000| Complete 
| 118|0x0000000087600000, 0x0000000087700000, 0x0000000087700000|100%|HC|  |TAMS 0x0000000087600000| PB 0x0000000087600000| Complete 
| 119|0x0000000087700000, 0x0000000087800000, 0x0000000087800000|100%| O|  |TAMS 0x0000000087700000| PB 0x0000000087700000| Untracked 
| 120|0x0000000087800000, 0x0000000087900000, 0x0000000087900000|100%|HS|  |TAMS 0x0000000087800000| PB 0x0000000087800000| Complete 
| 121|0x0000000087900000, 0x0000000087a00000, 0x0000000087a00000|100%|HS|  |TAMS 0x0000000087900000| PB 0x0000000087900000| Complete 
| 122|0x0000000087a00000, 0x0000000087b00000, 0x0000000087b00000|100%|HC|  |TAMS 0x0000000087a00000| PB 0x0000000087a00000| Complete 
| 123|0x0000000087b00000, 0x0000000087c00000, 0x0000000087c00000|100%| O|  |TAMS 0x0000000087b00000| PB 0x0000000087b00000| Untracked 
| 124|0x0000000087c00000, 0x0000000087d00000, 0x0000000087d00000|100%| O|  |TAMS 0x0000000087c00000| PB 0x0000000087c00000| Untracked 
| 125|0x0000000087d00000, 0x0000000087e00000, 0x0000000087e00000|100%|HS|  |TAMS 0x0000000087d00000| PB 0x0000000087d00000| Complete 
| 126|0x0000000087e00000, 0x0000000087f00000, 0x0000000087f00000|100%| O|  |TAMS 0x0000000087e00000| PB 0x0000000087e00000| Untracked 
| 127|0x0000000087f00000, 0x0000000088000000, 0x0000000088000000|100%|HS|  |TAMS 0x0000000087f00000| PB 0x0000000087f00000| Complete 
| 128|0x0000000088000000, 0x0000000088100000, 0x0000000088100000|100%|HC|  |TAMS 0x0000000088000000| PB 0x0000000088000000| Complete 
| 129|0x0000000088100000, 0x0000000088200000, 0x0000000088200000|100%| O|  |TAMS 0x0000000088100000| PB 0x0000000088100000| Untracked 
| 130|0x0000000088200000, 0x0000000088300000, 0x0000000088300000|100%| O|  |TAMS 0x0000000088200000| PB 0x0000000088200000| Untracked 
| 131|0x0000000088300000, 0x0000000088400000, 0x0000000088400000|100%| O|Cm|TAMS 0x0000000088300000| PB 0x0000000088300000| Complete 
| 132|0x0000000088400000, 0x0000000088500000, 0x0000000088500000|100%| O|  |TAMS 0x0000000088400000| PB 0x0000000088400000| Untracked 
| 133|0x0000000088500000, 0x0000000088600000, 0x0000000088600000|100%| O|  |TAMS 0x0000000088500000| PB 0x0000000088500000| Untracked 
| 134|0x0000000088600000, 0x0000000088700000, 0x0000000088700000|100%| O|  |TAMS 0x0000000088600000| PB 0x0000000088600000| Untracked 
| 135|0x0000000088700000, 0x0000000088800000, 0x0000000088800000|100%| O|  |TAMS 0x0000000088700000| PB 0x0000000088700000| Untracked 
| 136|0x0000000088800000, 0x0000000088900000, 0x0000000088900000|100%| O|  |TAMS 0x0000000088800000| PB 0x0000000088800000| Untracked 
| 137|0x0000000088900000, 0x0000000088a00000, 0x0000000088a00000|100%| O|  |TAMS 0x0000000088900000| PB 0x0000000088900000| Untracked 
| 138|0x0000000088a00000, 0x0000000088b00000, 0x0000000088b00000|100%|HS|  |TAMS 0x0000000088a00000| PB 0x0000000088a00000| Complete 
| 139|0x0000000088b00000, 0x0000000088c00000, 0x0000000088c00000|100%| O|  |TAMS 0x0000000088b00000| PB 0x0000000088b00000| Untracked 
| 140|0x0000000088c00000, 0x0000000088d00000, 0x0000000088d00000|100%|HS|  |TAMS 0x0000000088c00000| PB 0x0000000088c00000| Complete 
| 141|0x0000000088d00000, 0x0000000088e00000, 0x0000000088e00000|100%|HC|  |TAMS 0x0000000088d00000| PB 0x0000000088d00000| Complete 
| 142|0x0000000088e00000, 0x0000000088f00000, 0x0000000088f00000|100%|HS|  |TAMS 0x0000000088e00000| PB 0x0000000088e00000| Complete 
| 143|0x0000000088f00000, 0x0000000089000000, 0x0000000089000000|100%|HC|  |TAMS 0x0000000088f00000| PB 0x0000000088f00000| Complete 
| 144|0x0000000089000000, 0x0000000089100000, 0x0000000089100000|100%|HC|  |TAMS 0x0000000089000000| PB 0x0000000089000000| Complete 
| 145|0x0000000089100000, 0x0000000089200000, 0x0000000089200000|100%| O|  |TAMS 0x0000000089100000| PB 0x0000000089100000| Untracked 
| 146|0x0000000089200000, 0x0000000089300000, 0x0000000089300000|100%| O|  |TAMS 0x0000000089200000| PB 0x0000000089200000| Untracked 
| 147|0x0000000089300000, 0x0000000089400000, 0x0000000089400000|100%| O|  |TAMS 0x0000000089300000| PB 0x0000000089300000| Untracked 
| 148|0x0000000089400000, 0x0000000089500000, 0x0000000089500000|100%| O|  |TAMS 0x0000000089400000| PB 0x0000000089400000| Untracked 
| 149|0x0000000089500000, 0x0000000089600000, 0x0000000089600000|100%| O|  |TAMS 0x0000000089500000| PB 0x0000000089500000| Untracked 
| 150|0x0000000089600000, 0x0000000089700000, 0x0000000089700000|100%|HS|  |TAMS 0x0000000089600000| PB 0x0000000089600000| Complete 
| 151|0x0000000089700000, 0x0000000089800000, 0x0000000089800000|100%|HC|  |TAMS 0x0000000089700000| PB 0x0000000089700000| Complete 
| 152|0x0000000089800000, 0x0000000089900000, 0x0000000089900000|100%| O|  |TAMS 0x0000000089800000| PB 0x0000000089800000| Untracked 
| 153|0x0000000089900000, 0x0000000089a00000, 0x0000000089a00000|100%| O|  |TAMS 0x0000000089900000| PB 0x0000000089900000| Untracked 
| 154|0x0000000089a00000, 0x0000000089b00000, 0x0000000089b00000|100%| O|  |TAMS 0x0000000089a00000| PB 0x0000000089a00000| Untracked 
| 155|0x0000000089b00000, 0x0000000089c00000, 0x0000000089c00000|100%|HS|  |TAMS 0x0000000089b00000| PB 0x0000000089b00000| Complete 
| 156|0x0000000089c00000, 0x0000000089d00000, 0x0000000089d00000|100%|HC|  |TAMS 0x0000000089c00000| PB 0x0000000089c00000| Complete 
| 157|0x0000000089d00000, 0x0000000089e00000, 0x0000000089e00000|100%| O|  |TAMS 0x0000000089d00000| PB 0x0000000089d00000| Untracked 
| 158|0x0000000089e00000, 0x0000000089f00000, 0x0000000089f00000|100%| O|  |TAMS 0x0000000089e00000| PB 0x0000000089e00000| Untracked 
| 159|0x0000000089f00000, 0x000000008a000000, 0x000000008a000000|100%| O|  |TAMS 0x0000000089f00000| PB 0x0000000089f00000| Untracked 
| 160|0x000000008a000000, 0x000000008a100000, 0x000000008a100000|100%| O|  |TAMS 0x000000008a000000| PB 0x000000008a000000| Untracked 
| 161|0x000000008a100000, 0x000000008a200000, 0x000000008a200000|100%| O|  |TAMS 0x000000008a100000| PB 0x000000008a100000| Untracked 
| 162|0x000000008a200000, 0x000000008a300000, 0x000000008a300000|100%| O|  |TAMS 0x000000008a200000| PB 0x000000008a200000| Untracked 
| 163|0x000000008a300000, 0x000000008a400000, 0x000000008a400000|100%|HS|  |TAMS 0x000000008a300000| PB 0x000000008a300000| Complete 
| 164|0x000000008a400000, 0x000000008a500000, 0x000000008a500000|100%|HC|  |TAMS 0x000000008a400000| PB 0x000000008a400000| Complete 
| 165|0x000000008a500000, 0x000000008a600000, 0x000000008a600000|100%|HS|  |TAMS 0x000000008a500000| PB 0x000000008a500000| Complete 
| 166|0x000000008a600000, 0x000000008a700000, 0x000000008a700000|100%| O|  |TAMS 0x000000008a600000| PB 0x000000008a600000| Untracked 
| 167|0x000000008a700000, 0x000000008a800000, 0x000000008a800000|100%| O|  |TAMS 0x000000008a700000| PB 0x000000008a700000| Untracked 
| 168|0x000000008a800000, 0x000000008a900000, 0x000000008a900000|100%|HS|  |TAMS 0x000000008a800000| PB 0x000000008a800000| Complete 
| 169|0x000000008a900000, 0x000000008aa00000, 0x000000008aa00000|100%|HS|  |TAMS 0x000000008a900000| PB 0x000000008a900000| Complete 
| 170|0x000000008aa00000, 0x000000008ab00000, 0x000000008ab00000|100%|HC|  |TAMS 0x000000008aa00000| PB 0x000000008aa00000| Complete 
| 171|0x000000008ab00000, 0x000000008ac00000, 0x000000008ac00000|100%|HS|  |TAMS 0x000000008ab00000| PB 0x000000008ab00000| Complete 
| 172|0x000000008ac00000, 0x000000008ad00000, 0x000000008ad00000|100%|HS|  |TAMS 0x000000008ac00000| PB 0x000000008ac00000| Complete 
| 173|0x000000008ad00000, 0x000000008ae00000, 0x000000008ae00000|100%|HS|  |TAMS 0x000000008ad00000| PB 0x000000008ad00000| Complete 
| 174|0x000000008ae00000, 0x000000008af00000, 0x000000008af00000|100%| O|  |TAMS 0x000000008ae00000| PB 0x000000008ae00000| Untracked 
| 175|0x000000008af00000, 0x000000008b000000, 0x000000008b000000|100%| O|  |TAMS 0x000000008af00000| PB 0x000000008af00000| Untracked 
| 176|0x000000008b000000, 0x000000008b100000, 0x000000008b100000|100%| O|  |TAMS 0x000000008b000000| PB 0x000000008b000000| Untracked 
| 177|0x000000008b100000, 0x000000008b200000, 0x000000008b200000|100%|HS|  |TAMS 0x000000008b100000| PB 0x000000008b100000| Complete 
| 178|0x000000008b200000, 0x000000008b300000, 0x000000008b300000|100%| O|  |TAMS 0x000000008b200000| PB 0x000000008b200000| Untracked 
| 179|0x000000008b300000, 0x000000008b400000, 0x000000008b400000|100%| O|Cm|TAMS 0x000000008b300000| PB 0x000000008b300000| Complete 
| 180|0x000000008b400000, 0x000000008b500000, 0x000000008b500000|100%| O|  |TAMS 0x000000008b400000| PB 0x000000008b400000| Untracked 
| 181|0x000000008b500000, 0x000000008b600000, 0x000000008b600000|100%|HS|  |TAMS 0x000000008b500000| PB 0x000000008b500000| Complete 
| 182|0x000000008b600000, 0x000000008b700000, 0x000000008b700000|100%|HC|  |TAMS 0x000000008b600000| PB 0x000000008b600000| Complete 
| 183|0x000000008b700000, 0x000000008b800000, 0x000000008b800000|100%|HC|  |TAMS 0x000000008b700000| PB 0x000000008b700000| Complete 
| 184|0x000000008b800000, 0x000000008b900000, 0x000000008b900000|100%|HS|  |TAMS 0x000000008b800000| PB 0x000000008b800000| Complete 
| 185|0x000000008b900000, 0x000000008ba00000, 0x000000008ba00000|100%|HC|  |TAMS 0x000000008b900000| PB 0x000000008b900000| Complete 
| 186|0x000000008ba00000, 0x000000008bb00000, 0x000000008bb00000|100%|HS|  |TAMS 0x000000008ba00000| PB 0x000000008ba00000| Complete 
| 187|0x000000008bb00000, 0x000000008bc00000, 0x000000008bc00000|100%|HC|  |TAMS 0x000000008bb00000| PB 0x000000008bb00000| Complete 
| 188|0x000000008bc00000, 0x000000008bc00000, 0x000000008bd00000|  0%| F|  |TAMS 0x000000008bc00000| PB 0x000000008bc00000| Untracked 
| 189|0x000000008bd00000, 0x000000008bd00000, 0x000000008be00000|  0%| F|  |TAMS 0x000000008bd00000| PB 0x000000008bd00000| Untracked 
| 190|0x000000008be00000, 0x000000008be00000, 0x000000008bf00000|  0%| F|  |TAMS 0x000000008be00000| PB 0x000000008be00000| Untracked 
| 191|0x000000008bf00000, 0x000000008bf00000, 0x000000008c000000|  0%| F|  |TAMS 0x000000008bf00000| PB 0x000000008bf00000| Untracked 
| 192|0x000000008c000000, 0x000000008c000000, 0x000000008c100000|  0%| F|  |TAMS 0x000000008c000000| PB 0x000000008c000000| Untracked 
| 193|0x000000008c100000, 0x000000008c100000, 0x000000008c200000|  0%| F|  |TAMS 0x000000008c100000| PB 0x000000008c100000| Untracked 
| 194|0x000000008c200000, 0x000000008c200000, 0x000000008c300000|  0%| F|  |TAMS 0x000000008c200000| PB 0x000000008c200000| Untracked 
| 195|0x000000008c300000, 0x000000008c300000, 0x000000008c400000|  0%| F|  |TAMS 0x000000008c300000| PB 0x000000008c300000| Untracked 
| 196|0x000000008c400000, 0x000000008c400000, 0x000000008c500000|  0%| F|  |TAMS 0x000000008c400000| PB 0x000000008c400000| Untracked 
| 197|0x000000008c500000, 0x000000008c500000, 0x000000008c600000|  0%| F|  |TAMS 0x000000008c500000| PB 0x000000008c500000| Untracked 
| 198|0x000000008c600000, 0x000000008c600000, 0x000000008c700000|  0%| F|  |TAMS 0x000000008c600000| PB 0x000000008c600000| Untracked 
| 199|0x000000008c700000, 0x000000008c700000, 0x000000008c800000|  0%| F|  |TAMS 0x000000008c700000| PB 0x000000008c700000| Untracked 
| 200|0x000000008c800000, 0x000000008c800000, 0x000000008c900000|  0%| F|  |TAMS 0x000000008c800000| PB 0x000000008c800000| Untracked 
| 201|0x000000008c900000, 0x000000008c900000, 0x000000008ca00000|  0%| F|  |TAMS 0x000000008c900000| PB 0x000000008c900000| Untracked 
| 202|0x000000008ca00000, 0x000000008ca00000, 0x000000008cb00000|  0%| F|  |TAMS 0x000000008ca00000| PB 0x000000008ca00000| Untracked 
| 203|0x000000008cb00000, 0x000000008cb00000, 0x000000008cc00000|  0%| F|  |TAMS 0x000000008cb00000| PB 0x000000008cb00000| Untracked 
| 204|0x000000008cc00000, 0x000000008cc00000, 0x000000008cd00000|  0%| F|  |TAMS 0x000000008cc00000| PB 0x000000008cc00000| Untracked 
| 205|0x000000008cd00000, 0x000000008cd00000, 0x000000008ce00000|  0%| F|  |TAMS 0x000000008cd00000| PB 0x000000008cd00000| Untracked 
| 206|0x000000008ce00000, 0x000000008ce00000, 0x000000008cf00000|  0%| F|  |TAMS 0x000000008ce00000| PB 0x000000008ce00000| Untracked 
| 207|0x000000008cf00000, 0x000000008cf00000, 0x000000008d000000|  0%| F|  |TAMS 0x000000008cf00000| PB 0x000000008cf00000| Untracked 
| 208|0x000000008d000000, 0x000000008d000000, 0x000000008d100000|  0%| F|  |TAMS 0x000000008d000000| PB 0x000000008d000000| Untracked 
| 209|0x000000008d100000, 0x000000008d100000, 0x000000008d200000|  0%| F|  |TAMS 0x000000008d100000| PB 0x000000008d100000| Untracked 
| 210|0x000000008d200000, 0x000000008d200000, 0x000000008d300000|  0%| F|  |TAMS 0x000000008d200000| PB 0x000000008d200000| Untracked 
| 211|0x000000008d300000, 0x000000008d300000, 0x000000008d400000|  0%| F|  |TAMS 0x000000008d300000| PB 0x000000008d300000| Untracked 
| 212|0x000000008d400000, 0x000000008d400000, 0x000000008d500000|  0%| F|  |TAMS 0x000000008d400000| PB 0x000000008d400000| Untracked 
| 213|0x000000008d500000, 0x000000008d500000, 0x000000008d600000|  0%| F|  |TAMS 0x000000008d500000| PB 0x000000008d500000| Untracked 
| 214|0x000000008d600000, 0x000000008d600000, 0x000000008d700000|  0%| F|  |TAMS 0x000000008d600000| PB 0x000000008d600000| Untracked 
| 215|0x000000008d700000, 0x000000008d700000, 0x000000008d800000|  0%| F|  |TAMS 0x000000008d700000| PB 0x000000008d700000| Untracked 
| 216|0x000000008d800000, 0x000000008d800000, 0x000000008d900000|  0%| F|  |TAMS 0x000000008d800000| PB 0x000000008d800000| Untracked 
| 217|0x000000008d900000, 0x000000008d900000, 0x000000008da00000|  0%| F|  |TAMS 0x000000008d900000| PB 0x000000008d900000| Untracked 
| 218|0x000000008da00000, 0x000000008da00000, 0x000000008db00000|  0%| F|  |TAMS 0x000000008da00000| PB 0x000000008da00000| Untracked 
| 219|0x000000008db00000, 0x000000008db00000, 0x000000008dc00000|  0%| F|  |TAMS 0x000000008db00000| PB 0x000000008db00000| Untracked 
| 220|0x000000008dc00000, 0x000000008dc00000, 0x000000008dd00000|  0%| F|  |TAMS 0x000000008dc00000| PB 0x000000008dc00000| Untracked 
| 221|0x000000008dd00000, 0x000000008dd00000, 0x000000008de00000|  0%| F|  |TAMS 0x000000008dd00000| PB 0x000000008dd00000| Untracked 
| 222|0x000000008de00000, 0x000000008de00000, 0x000000008df00000|  0%| F|  |TAMS 0x000000008de00000| PB 0x000000008de00000| Untracked 
| 223|0x000000008df00000, 0x000000008df00000, 0x000000008e000000|  0%| F|  |TAMS 0x000000008df00000| PB 0x000000008df00000| Untracked 
| 224|0x000000008e000000, 0x000000008e000000, 0x000000008e100000|  0%| F|  |TAMS 0x000000008e000000| PB 0x000000008e000000| Untracked 
| 225|0x000000008e100000, 0x000000008e100000, 0x000000008e200000|  0%| F|  |TAMS 0x000000008e100000| PB 0x000000008e100000| Untracked 
| 226|0x000000008e200000, 0x000000008e200000, 0x000000008e300000|  0%| F|  |TAMS 0x000000008e200000| PB 0x000000008e200000| Untracked 
| 227|0x000000008e300000, 0x000000008e300000, 0x000000008e400000|  0%| F|  |TAMS 0x000000008e300000| PB 0x000000008e300000| Untracked 
| 228|0x000000008e400000, 0x000000008e400000, 0x000000008e500000|  0%| F|  |TAMS 0x000000008e400000| PB 0x000000008e400000| Untracked 
| 229|0x000000008e500000, 0x000000008e500000, 0x000000008e600000|  0%| F|  |TAMS 0x000000008e500000| PB 0x000000008e500000| Untracked 
| 230|0x000000008e600000, 0x000000008e6fe3e0, 0x000000008e700000| 99%| E|  |TAMS 0x000000008e600000| PB 0x000000008e600000| Complete 
| 231|0x000000008e700000, 0x000000008e800000, 0x000000008e800000|100%| E|CS|TAMS 0x000000008e700000| PB 0x000000008e700000| Complete 
| 232|0x000000008e800000, 0x000000008e900000, 0x000000008e900000|100%| E|CS|TAMS 0x000000008e800000| PB 0x000000008e800000| Complete 
| 233|0x000000008e900000, 0x000000008ea00000, 0x000000008ea00000|100%| E|CS|TAMS 0x000000008e900000| PB 0x000000008e900000| Complete 
| 234|0x000000008ea00000, 0x000000008eb00000, 0x000000008eb00000|100%| E|CS|TAMS 0x000000008ea00000| PB 0x000000008ea00000| Complete 
| 235|0x000000008eb00000, 0x000000008ec00000, 0x000000008ec00000|100%| E|CS|TAMS 0x000000008eb00000| PB 0x000000008eb00000| Complete 
| 236|0x000000008ec00000, 0x000000008ed00000, 0x000000008ed00000|100%| E|CS|TAMS 0x000000008ec00000| PB 0x000000008ec00000| Complete 
| 237|0x000000008ed00000, 0x000000008ee00000, 0x000000008ee00000|100%| E|CS|TAMS 0x000000008ed00000| PB 0x000000008ed00000| Complete 
| 238|0x000000008ee00000, 0x000000008ef00000, 0x000000008ef00000|100%| E|CS|TAMS 0x000000008ee00000| PB 0x000000008ee00000| Complete 
| 239|0x000000008ef00000, 0x000000008f000000, 0x000000008f000000|100%| E|CS|TAMS 0x000000008ef00000| PB 0x000000008ef00000| Complete 
| 240|0x000000008f000000, 0x000000008f100000, 0x000000008f100000|100%| E|CS|TAMS 0x000000008f000000| PB 0x000000008f000000| Complete 
| 241|0x000000008f100000, 0x000000008f200000, 0x000000008f200000|100%| E|CS|TAMS 0x000000008f100000| PB 0x000000008f100000| Complete 
| 242|0x000000008f200000, 0x000000008f300000, 0x000000008f300000|100%| E|CS|TAMS 0x000000008f200000| PB 0x000000008f200000| Complete 
| 243|0x000000008f300000, 0x000000008f400000, 0x000000008f400000|100%| E|CS|TAMS 0x000000008f300000| PB 0x000000008f300000| Complete 
| 244|0x000000008f400000, 0x000000008f500000, 0x000000008f500000|100%| E|CS|TAMS 0x000000008f400000| PB 0x000000008f400000| Complete 
| 245|0x000000008f500000, 0x000000008f600000, 0x000000008f600000|100%| E|CS|TAMS 0x000000008f500000| PB 0x000000008f500000| Complete 
| 246|0x000000008f600000, 0x000000008f700000, 0x000000008f700000|100%| E|CS|TAMS 0x000000008f600000| PB 0x000000008f600000| Complete 
| 247|0x000000008f700000, 0x000000008f800000, 0x000000008f800000|100%| E|CS|TAMS 0x000000008f700000| PB 0x000000008f700000| Complete 
| 248|0x000000008f800000, 0x000000008f900000, 0x000000008f900000|100%| E|CS|TAMS 0x000000008f800000| PB 0x000000008f800000| Complete 
| 249|0x000000008f900000, 0x000000008fa00000, 0x000000008fa00000|100%| E|CS|TAMS 0x000000008f900000| PB 0x000000008f900000| Complete 
| 250|0x000000008fa00000, 0x000000008fb00000, 0x000000008fb00000|100%| E|CS|TAMS 0x000000008fa00000| PB 0x000000008fa00000| Complete 
| 251|0x000000008fb00000, 0x000000008fc00000, 0x000000008fc00000|100%| E|CS|TAMS 0x000000008fb00000| PB 0x000000008fb00000| Complete 
| 252|0x000000008fc00000, 0x000000008fd00000, 0x000000008fd00000|100%| E|CS|TAMS 0x000000008fc00000| PB 0x000000008fc00000| Complete 
| 253|0x000000008fd00000, 0x000000008fe00000, 0x000000008fe00000|100%| E|CS|TAMS 0x000000008fd00000| PB 0x000000008fd00000| Complete 
| 254|0x000000008fe00000, 0x000000008ff00000, 0x000000008ff00000|100%| E|CS|TAMS 0x000000008fe00000| PB 0x000000008fe00000| Complete 
| 255|0x000000008ff00000, 0x0000000090000000, 0x0000000090000000|100%| E|CS|TAMS 0x000000008ff00000| PB 0x000000008ff00000| Complete 
| 256|0x0000000090000000, 0x0000000090100000, 0x0000000090100000|100%| E|CS|TAMS 0x0000000090000000| PB 0x0000000090000000| Complete 
| 257|0x0000000090100000, 0x0000000090200000, 0x0000000090200000|100%| E|CS|TAMS 0x0000000090100000| PB 0x0000000090100000| Complete 
| 258|0x0000000090200000, 0x0000000090300000, 0x0000000090300000|100%| E|CS|TAMS 0x0000000090200000| PB 0x0000000090200000| Complete 
| 259|0x0000000090300000, 0x0000000090400000, 0x0000000090400000|100%| E|CS|TAMS 0x0000000090300000| PB 0x0000000090300000| Complete 
| 260|0x0000000090400000, 0x0000000090500000, 0x0000000090500000|100%| E|CS|TAMS 0x0000000090400000| PB 0x0000000090400000| Complete 
| 261|0x0000000090500000, 0x0000000090600000, 0x0000000090600000|100%| E|CS|TAMS 0x0000000090500000| PB 0x0000000090500000| Complete 
| 262|0x0000000090600000, 0x0000000090700000, 0x0000000090700000|100%| E|CS|TAMS 0x0000000090600000| PB 0x0000000090600000| Complete 
| 263|0x0000000090700000, 0x0000000090800000, 0x0000000090800000|100%| E|CS|TAMS 0x0000000090700000| PB 0x0000000090700000| Complete 
| 264|0x0000000090800000, 0x0000000090900000, 0x0000000090900000|100%| E|CS|TAMS 0x0000000090800000| PB 0x0000000090800000| Complete 
| 265|0x0000000090900000, 0x0000000090a00000, 0x0000000090a00000|100%| E|CS|TAMS 0x0000000090900000| PB 0x0000000090900000| Complete 
| 266|0x0000000090a00000, 0x0000000090b00000, 0x0000000090b00000|100%| E|CS|TAMS 0x0000000090a00000| PB 0x0000000090a00000| Complete 
| 267|0x0000000090b00000, 0x0000000090c00000, 0x0000000090c00000|100%| E|CS|TAMS 0x0000000090b00000| PB 0x0000000090b00000| Complete 
| 268|0x0000000090c00000, 0x0000000090d00000, 0x0000000090d00000|100%| E|CS|TAMS 0x0000000090c00000| PB 0x0000000090c00000| Complete 
| 269|0x0000000090d00000, 0x0000000090e00000, 0x0000000090e00000|100%| E|CS|TAMS 0x0000000090d00000| PB 0x0000000090d00000| Complete 
| 270|0x0000000090e00000, 0x0000000090f00000, 0x0000000090f00000|100%| E|CS|TAMS 0x0000000090e00000| PB 0x0000000090e00000| Complete 
| 271|0x0000000090f00000, 0x0000000091000000, 0x0000000091000000|100%| E|CS|TAMS 0x0000000090f00000| PB 0x0000000090f00000| Complete 
| 272|0x0000000091000000, 0x0000000091100000, 0x0000000091100000|100%| E|CS|TAMS 0x0000000091000000| PB 0x0000000091000000| Complete 
| 273|0x0000000091100000, 0x0000000091200000, 0x0000000091200000|100%| E|CS|TAMS 0x0000000091100000| PB 0x0000000091100000| Complete 
| 274|0x0000000091200000, 0x0000000091300000, 0x0000000091300000|100%| E|CS|TAMS 0x0000000091200000| PB 0x0000000091200000| Complete 
| 275|0x0000000091300000, 0x0000000091400000, 0x0000000091400000|100%| E|CS|TAMS 0x0000000091300000| PB 0x0000000091300000| Complete 
| 276|0x0000000091400000, 0x0000000091500000, 0x0000000091500000|100%| E|CS|TAMS 0x0000000091400000| PB 0x0000000091400000| Complete 
| 277|0x0000000091500000, 0x0000000091600000, 0x0000000091600000|100%| E|CS|TAMS 0x0000000091500000| PB 0x0000000091500000| Complete 
| 278|0x0000000091600000, 0x0000000091700000, 0x0000000091700000|100%| E|CS|TAMS 0x0000000091600000| PB 0x0000000091600000| Complete 
| 279|0x0000000091700000, 0x0000000091800000, 0x0000000091800000|100%| E|CS|TAMS 0x0000000091700000| PB 0x0000000091700000| Complete 
| 280|0x0000000091800000, 0x0000000091900000, 0x0000000091900000|100%| E|CS|TAMS 0x0000000091800000| PB 0x0000000091800000| Complete 
| 281|0x0000000091900000, 0x0000000091a00000, 0x0000000091a00000|100%| E|CS|TAMS 0x0000000091900000| PB 0x0000000091900000| Complete 
| 282|0x0000000091a00000, 0x0000000091b00000, 0x0000000091b00000|100%| E|CS|TAMS 0x0000000091a00000| PB 0x0000000091a00000| Complete 
| 283|0x0000000091b00000, 0x0000000091c00000, 0x0000000091c00000|100%| E|CS|TAMS 0x0000000091b00000| PB 0x0000000091b00000| Complete 
| 284|0x0000000091c00000, 0x0000000091d00000, 0x0000000091d00000|100%| E|CS|TAMS 0x0000000091c00000| PB 0x0000000091c00000| Complete 
| 285|0x0000000091d00000, 0x0000000091e00000, 0x0000000091e00000|100%| E|CS|TAMS 0x0000000091d00000| PB 0x0000000091d00000| Complete 
| 286|0x0000000091e00000, 0x0000000091f00000, 0x0000000091f00000|100%| E|CS|TAMS 0x0000000091e00000| PB 0x0000000091e00000| Complete 
| 287|0x0000000091f00000, 0x0000000092000000, 0x0000000092000000|100%| E|CS|TAMS 0x0000000091f00000| PB 0x0000000091f00000| Complete 
| 288|0x0000000092000000, 0x0000000092100000, 0x0000000092100000|100%| E|CS|TAMS 0x0000000092000000| PB 0x0000000092000000| Complete 
| 289|0x0000000092100000, 0x0000000092200000, 0x0000000092200000|100%| E|CS|TAMS 0x0000000092100000| PB 0x0000000092100000| Complete 
| 290|0x0000000092200000, 0x0000000092300000, 0x0000000092300000|100%| E|CS|TAMS 0x0000000092200000| PB 0x0000000092200000| Complete 
| 291|0x0000000092300000, 0x0000000092400000, 0x0000000092400000|100%| E|CS|TAMS 0x0000000092300000| PB 0x0000000092300000| Complete 
| 292|0x0000000092400000, 0x0000000092500000, 0x0000000092500000|100%| E|CS|TAMS 0x0000000092400000| PB 0x0000000092400000| Complete 
| 293|0x0000000092500000, 0x0000000092600000, 0x0000000092600000|100%| E|CS|TAMS 0x0000000092500000| PB 0x0000000092500000| Complete 
| 294|0x0000000092600000, 0x0000000092700000, 0x0000000092700000|100%| E|CS|TAMS 0x0000000092600000| PB 0x0000000092600000| Complete 
| 295|0x0000000092700000, 0x0000000092800000, 0x0000000092800000|100%| E|CS|TAMS 0x0000000092700000| PB 0x0000000092700000| Complete 
| 296|0x0000000092800000, 0x0000000092900000, 0x0000000092900000|100%| E|CS|TAMS 0x0000000092800000| PB 0x0000000092800000| Complete 
| 297|0x0000000092900000, 0x0000000092a00000, 0x0000000092a00000|100%| E|CS|TAMS 0x0000000092900000| PB 0x0000000092900000| Complete 
| 298|0x0000000092a00000, 0x0000000092b00000, 0x0000000092b00000|100%| E|CS|TAMS 0x0000000092a00000| PB 0x0000000092a00000| Complete 
| 299|0x0000000092b00000, 0x0000000092c00000, 0x0000000092c00000|100%| E|CS|TAMS 0x0000000092b00000| PB 0x0000000092b00000| Complete 
| 300|0x0000000092c00000, 0x0000000092d00000, 0x0000000092d00000|100%| E|CS|TAMS 0x0000000092c00000| PB 0x0000000092c00000| Complete 
| 301|0x0000000092d00000, 0x0000000092e00000, 0x0000000092e00000|100%| E|CS|TAMS 0x0000000092d00000| PB 0x0000000092d00000| Complete 
| 302|0x0000000092e00000, 0x0000000092f00000, 0x0000000092f00000|100%| E|CS|TAMS 0x0000000092e00000| PB 0x0000000092e00000| Complete 
| 303|0x0000000092f00000, 0x0000000093000000, 0x0000000093000000|100%| E|CS|TAMS 0x0000000092f00000| PB 0x0000000092f00000| Complete 
| 304|0x0000000093000000, 0x0000000093100000, 0x0000000093100000|100%| E|CS|TAMS 0x0000000093000000| PB 0x0000000093000000| Complete 
| 305|0x0000000093100000, 0x0000000093200000, 0x0000000093200000|100%| E|CS|TAMS 0x0000000093100000| PB 0x0000000093100000| Complete 
| 306|0x0000000093200000, 0x0000000093300000, 0x0000000093300000|100%| E|CS|TAMS 0x0000000093200000| PB 0x0000000093200000| Complete 
| 307|0x0000000093300000, 0x0000000093400000, 0x0000000093400000|100%| E|CS|TAMS 0x0000000093300000| PB 0x0000000093300000| Complete 
| 308|0x0000000093400000, 0x0000000093500000, 0x0000000093500000|100%| E|CS|TAMS 0x0000000093400000| PB 0x0000000093400000| Complete 
| 309|0x0000000093500000, 0x0000000093600000, 0x0000000093600000|100%| E|CS|TAMS 0x0000000093500000| PB 0x0000000093500000| Complete 
| 310|0x0000000093600000, 0x0000000093700000, 0x0000000093700000|100%| E|CS|TAMS 0x0000000093600000| PB 0x0000000093600000| Complete 
| 311|0x0000000093700000, 0x0000000093800000, 0x0000000093800000|100%| E|CS|TAMS 0x0000000093700000| PB 0x0000000093700000| Complete 
| 312|0x0000000093800000, 0x0000000093900000, 0x0000000093900000|100%| E|CS|TAMS 0x0000000093800000| PB 0x0000000093800000| Complete 
| 313|0x0000000093900000, 0x0000000093a00000, 0x0000000093a00000|100%| E|CS|TAMS 0x0000000093900000| PB 0x0000000093900000| Complete 
| 314|0x0000000093a00000, 0x0000000093b00000, 0x0000000093b00000|100%| E|CS|TAMS 0x0000000093a00000| PB 0x0000000093a00000| Complete 
| 315|0x0000000093b00000, 0x0000000093c00000, 0x0000000093c00000|100%| E|CS|TAMS 0x0000000093b00000| PB 0x0000000093b00000| Complete 
| 316|0x0000000093c00000, 0x0000000093d00000, 0x0000000093d00000|100%| E|CS|TAMS 0x0000000093c00000| PB 0x0000000093c00000| Complete 
| 317|0x0000000093d00000, 0x0000000093e00000, 0x0000000093e00000|100%| E|CS|TAMS 0x0000000093d00000| PB 0x0000000093d00000| Complete 
| 318|0x0000000093e00000, 0x0000000093f00000, 0x0000000093f00000|100%| E|CS|TAMS 0x0000000093e00000| PB 0x0000000093e00000| Complete 
| 319|0x0000000093f00000, 0x0000000094000000, 0x0000000094000000|100%| E|CS|TAMS 0x0000000093f00000| PB 0x0000000093f00000| Complete 
|1996|0x00000000fcc00000, 0x00000000fcd00000, 0x00000000fcd00000|100%| O|  |TAMS 0x00000000fcc00000| PB 0x00000000fcc00000| Untracked 
|1997|0x00000000fcd00000, 0x00000000fce00000, 0x00000000fce00000|100%| O|  |TAMS 0x00000000fcd00000| PB 0x00000000fcd00000| Untracked 
|1998|0x00000000fce00000, 0x00000000fcf00000, 0x00000000fcf00000|100%| O|  |TAMS 0x00000000fce00000| PB 0x00000000fce00000| Untracked 
|1999|0x00000000fcf00000, 0x00000000fd000000, 0x00000000fd000000|100%| O|  |TAMS 0x00000000fcf00000| PB 0x00000000fcf00000| Untracked 
|2000|0x00000000fd000000, 0x00000000fd100000, 0x00000000fd100000|100%| O|  |TAMS 0x00000000fd000000| PB 0x00000000fd000000| Untracked 
|2001|0x00000000fd100000, 0x00000000fd200000, 0x00000000fd200000|100%| O|  |TAMS 0x00000000fd100000| PB 0x00000000fd100000| Untracked 
|2002|0x00000000fd200000, 0x00000000fd300000, 0x00000000fd300000|100%| O|  |TAMS 0x00000000fd200000| PB 0x00000000fd200000| Untracked 
|2003|0x00000000fd300000, 0x00000000fd400000, 0x00000000fd400000|100%| O|  |TAMS 0x00000000fd300000| PB 0x00000000fd300000| Untracked 
|2004|0x00000000fd400000, 0x00000000fd500000, 0x00000000fd500000|100%| O|  |TAMS 0x00000000fd400000| PB 0x00000000fd400000| Untracked 
|2005|0x00000000fd500000, 0x00000000fd600000, 0x00000000fd600000|100%| O|  |TAMS 0x00000000fd500000| PB 0x00000000fd500000| Untracked 
|2006|0x00000000fd600000, 0x00000000fd700000, 0x00000000fd700000|100%| O|  |TAMS 0x00000000fd600000| PB 0x00000000fd600000| Untracked 
|2007|0x00000000fd700000, 0x00000000fd800000, 0x00000000fd800000|100%| O|  |TAMS 0x00000000fd700000| PB 0x00000000fd700000| Untracked 
|2008|0x00000000fd800000, 0x00000000fd900000, 0x00000000fd900000|100%| O|  |TAMS 0x00000000fd800000| PB 0x00000000fd800000| Untracked 
|2009|0x00000000fd900000, 0x00000000fda00000, 0x00000000fda00000|100%| O|  |TAMS 0x00000000fd900000| PB 0x00000000fd900000| Untracked 
|2010|0x00000000fda00000, 0x00000000fdb00000, 0x00000000fdb00000|100%| O|  |TAMS 0x00000000fda00000| PB 0x00000000fda00000| Untracked 
|2011|0x00000000fdb00000, 0x00000000fdc00000, 0x00000000fdc00000|100%| O|  |TAMS 0x00000000fdb00000| PB 0x00000000fdb00000| Untracked 
|2012|0x00000000fdc00000, 0x00000000fdd00000, 0x00000000fdd00000|100%| O|  |TAMS 0x00000000fdc00000| PB 0x00000000fdc00000| Untracked 
|2013|0x00000000fdd00000, 0x00000000fde00000, 0x00000000fde00000|100%| O|  |TAMS 0x00000000fdd00000| PB 0x00000000fdd00000| Untracked 
|2014|0x00000000fde00000, 0x00000000fdf00000, 0x00000000fdf00000|100%| O|  |TAMS 0x00000000fde00000| PB 0x00000000fde00000| Untracked 
|2015|0x00000000fdf00000, 0x00000000fe000000, 0x00000000fe000000|100%| O|  |TAMS 0x00000000fdf00000| PB 0x00000000fdf00000| Untracked 
|2016|0x00000000fe000000, 0x00000000fe100000, 0x00000000fe100000|100%| O|  |TAMS 0x00000000fe000000| PB 0x00000000fe000000| Untracked 
|2017|0x00000000fe100000, 0x00000000fe200000, 0x00000000fe200000|100%| O|  |TAMS 0x00000000fe100000| PB 0x00000000fe100000| Untracked 
|2018|0x00000000fe200000, 0x00000000fe300000, 0x00000000fe300000|100%| O|  |TAMS 0x00000000fe200000| PB 0x00000000fe200000| Untracked 
|2019|0x00000000fe300000, 0x00000000fe400000, 0x00000000fe400000|100%| E|CS|TAMS 0x00000000fe300000| PB 0x00000000fe300000| Complete 
|2020|0x00000000fe400000, 0x00000000fe500000, 0x00000000fe500000|100%| E|CS|TAMS 0x00000000fe400000| PB 0x00000000fe400000| Complete 
|2021|0x00000000fe500000, 0x00000000fe600000, 0x00000000fe600000|100%| E|CS|TAMS 0x00000000fe500000| PB 0x00000000fe500000| Complete 
|2022|0x00000000fe600000, 0x00000000fe700000, 0x00000000fe700000|100%| E|CS|TAMS 0x00000000fe600000| PB 0x00000000fe600000| Complete 
|2023|0x00000000fe700000, 0x00000000fe800000, 0x00000000fe800000|100%| E|CS|TAMS 0x00000000fe700000| PB 0x00000000fe700000| Complete 
|2024|0x00000000fe800000, 0x00000000fe900000, 0x00000000fe900000|100%| E|CS|TAMS 0x00000000fe800000| PB 0x00000000fe800000| Complete 
|2025|0x00000000fe900000, 0x00000000fea00000, 0x00000000fea00000|100%| E|CS|TAMS 0x00000000fe900000| PB 0x00000000fe900000| Complete 
|2026|0x00000000fea00000, 0x00000000feb00000, 0x00000000feb00000|100%| E|CS|TAMS 0x00000000fea00000| PB 0x00000000fea00000| Complete 
|2027|0x00000000feb00000, 0x00000000fec00000, 0x00000000fec00000|100%| E|CS|TAMS 0x00000000feb00000| PB 0x00000000feb00000| Complete 
|2028|0x00000000fec00000, 0x00000000fed00000, 0x00000000fed00000|100%| E|CS|TAMS 0x00000000fec00000| PB 0x00000000fec00000| Complete 
|2029|0x00000000fed00000, 0x00000000fee00000, 0x00000000fee00000|100%| E|CS|TAMS 0x00000000fed00000| PB 0x00000000fed00000| Complete 
|2030|0x00000000fee00000, 0x00000000fef00000, 0x00000000fef00000|100%| E|CS|TAMS 0x00000000fee00000| PB 0x00000000fee00000| Complete 
|2031|0x00000000fef00000, 0x00000000fefd9720, 0x00000000ff000000| 84%| E|CS|TAMS 0x00000000fef00000| PB 0x00000000fef00000| Complete 
|2032|0x00000000ff000000, 0x00000000ff100000, 0x00000000ff100000|100%| E|CS|TAMS 0x00000000ff000000| PB 0x00000000ff000000| Complete 
|2033|0x00000000ff100000, 0x00000000ff200000, 0x00000000ff200000|100%| E|CS|TAMS 0x00000000ff100000| PB 0x00000000ff100000| Complete 
|2034|0x00000000ff200000, 0x00000000ff300000, 0x00000000ff300000|100%| E|CS|TAMS 0x00000000ff200000| PB 0x00000000ff200000| Complete 
|2035|0x00000000ff300000, 0x00000000ff400000, 0x00000000ff400000|100%| E|CS|TAMS 0x00000000ff300000| PB 0x00000000ff300000| Complete 
|2036|0x00000000ff400000, 0x00000000ff500000, 0x00000000ff500000|100%| E|CS|TAMS 0x00000000ff400000| PB 0x00000000ff400000| Complete 
|2037|0x00000000ff500000, 0x00000000ff600000, 0x00000000ff600000|100%| E|CS|TAMS 0x00000000ff500000| PB 0x00000000ff500000| Complete 
|2038|0x00000000ff600000, 0x00000000ff700000, 0x00000000ff700000|100%| E|CS|TAMS 0x00000000ff600000| PB 0x00000000ff600000| Complete 
|2039|0x00000000ff700000, 0x00000000ff800000, 0x00000000ff800000|100%| E|CS|TAMS 0x00000000ff700000| PB 0x00000000ff700000| Complete 
|2040|0x00000000ff800000, 0x00000000ff900000, 0x00000000ff900000|100%| E|CS|TAMS 0x00000000ff800000| PB 0x00000000ff800000| Complete 
|2041|0x00000000ff900000, 0x00000000ffa00000, 0x00000000ffa00000|100%| E|CS|TAMS 0x00000000ff900000| PB 0x00000000ff900000| Complete 
|2042|0x00000000ffa00000, 0x00000000ffb00000, 0x00000000ffb00000|100%| E|CS|TAMS 0x00000000ffa00000| PB 0x00000000ffa00000| Complete 
|2043|0x00000000ffb00000, 0x00000000ffc00000, 0x00000000ffc00000|100%| E|CS|TAMS 0x00000000ffb00000| PB 0x00000000ffb00000| Complete 
|2044|0x00000000ffc00000, 0x00000000ffd00000, 0x00000000ffd00000|100%| E|CS|TAMS 0x00000000ffc00000| PB 0x00000000ffc00000| Complete 
|2045|0x00000000ffd00000, 0x00000000ffe00000, 0x00000000ffe00000|100%| E|CS|TAMS 0x00000000ffd00000| PB 0x00000000ffd00000| Complete 
|2046|0x00000000ffe00000, 0x00000000fff00000, 0x00000000fff00000|100%| O|  |TAMS 0x00000000ffe00000| PB 0x00000000ffe00000| Untracked 
|2047|0x00000000fff00000, 0x0000000100000000, 0x0000000100000000|100%| O|  |TAMS 0x00000000fff00000| PB 0x00000000fff00000| Untracked 

Card table byte_map: [0x000001d0f55b0000,0x000001d0f59b0000] _byte_map_base: 0x000001d0f51b0000

Marking Bits: (CMBitMap*) 0x000001d0f1d77790
 Bits: [0x000001d0f59b0000, 0x000001d0f79b0000)

Polling page: 0x000001d0efb20000

Metaspace:

Usage:
  Non-class:    170.96 MB used.
      Class:     26.39 MB used.
       Both:    197.35 MB used.

Virtual space:
  Non-class space:      192.00 MB reserved,     172.31 MB ( 90%) committed,  3 nodes.
      Class space:        1.00 GB reserved,      27.62 MB (  3%) committed,  1 nodes.
             Both:        1.19 GB reserved,     199.94 MB ( 16%) committed. 

Chunk freelists:
   Non-Class:  3.23 MB
       Class:  4.41 MB
        Both:  7.64 MB

MaxMetaspaceSize: unlimited
CompressedClassSpaceSize: 1.00 GB
Initial GC threshold: 21.00 MB
Current GC threshold: 333.06 MB
CDS: off
 - commit_granule_bytes: 65536.
 - commit_granule_words: 8192.
 - virtual_space_node_default_size: 8388608.
 - enlarge_chunks_in_place: 1.
 - use_allocation_guard: 0.


Internal statistics:

num_allocs_failed_limit: 9.
num_arena_births: 4992.
num_arena_deaths: 0.
num_vsnodes_births: 4.
num_vsnodes_deaths: 0.
num_space_committed: 3196.
num_space_uncommitted: 0.
num_chunks_returned_to_freelist: 9.
num_chunks_taken_from_freelist: 12835.
num_chunk_merges: 6.
num_chunk_splits: 8977.
num_chunks_enlarged: 6340.
num_inconsistent_stats: 0.

CodeHeap 'non-profiled nmethods': size=120000Kb used=10902Kb max_used=13119Kb free=109097Kb
 bounds [0x000001d087ad0000, 0x000001d0887a0000, 0x000001d08f000000]
CodeHeap 'profiled nmethods': size=120000Kb used=22036Kb max_used=34356Kb free=97963Kb
 bounds [0x000001d080000000, 0x000001d0821d0000, 0x000001d087530000]
CodeHeap 'non-nmethods': size=5760Kb used=2386Kb max_used=2469Kb free=3374Kb
 bounds [0x000001d087530000, 0x000001d0877b0000, 0x000001d087ad0000]
CodeCache: size=245760Kb, used=35324Kb, max_used=49944Kb, free=210434Kb
 total_blobs=13253, nmethods=12029, adapters=1126, full_count=0
Compilation: enabled, stopped_count=0, restarted_count=0

Compilation events (20 events):
Event: 105.641 Thread 0x000001d0fa606b20 22811       2       com.android.tools.r8.internal.hf0::<init> (7 bytes)
Event: 105.641 Thread 0x000001d0fa606b20 nmethod 22811 0x000001d08095a810 code [0x000001d08095a9c0, 0x000001d08095aae0]
Event: 105.649 Thread 0x000001d0fa606b20 22814       3       com.android.tools.r8.internal.qj0::<init> (38 bytes)
Event: 105.650 Thread 0x000001d0fa606b20 nmethod 22814 0x000001d080999890 code [0x000001d080999a60, 0x000001d080999dc8]
Event: 105.650 Thread 0x000001d0fa606b20 22815       2       com.android.tools.r8.graph.s6::B0 (2 bytes)
Event: 105.650 Thread 0x000001d0fa606b20 nmethod 22815 0x000001d080c72890 code [0x000001d080c72a20, 0x000001d080c72b28]
Event: 105.653 Thread 0x000001d0fa606b20 22817       2       com.sun.org.apache.xerces.internal.parsers.XML11Configuration::setLocale (14 bytes)
Event: 105.654 Thread 0x000001d0fa606b20 nmethod 22817 0x000001d08095a310 code [0x000001d08095a4c0, 0x000001d08095a690]
Event: 105.654 Thread 0x000001d0fa606b20 22818       2       com.android.tools.r8.internal.zk0::<init> (7 bytes)
Event: 105.654 Thread 0x000001d0fa606b20 nmethod 22818 0x000001d080bb7810 code [0x000001d080bb79c0, 0x000001d080bb7ae0]
Event: 105.654 Thread 0x000001d0fa606b20 22819       2       com.android.tools.r8.graph.oa::b (64 bytes)
Event: 105.655 Thread 0x000001d0fa606b20 nmethod 22819 0x000001d080c98d90 code [0x000001d080c98fa0, 0x000001d080c992e0]
Event: 105.657 Thread 0x000001d0fa606b20 22820       2       com.android.tools.r8.internal.gj0::<init> (35 bytes)
Event: 105.657 Thread 0x000001d0fa606b20 nmethod 22820 0x000001d080bb7310 code [0x000001d080bb74c0, 0x000001d080bb7628]
Event: 105.657 Thread 0x000001d0fa606b20 22821       2       com.android.tools.r8.internal.gj0::hashCode (28 bytes)
Event: 105.658 Thread 0x000001d0fa606b20 nmethod 22821 0x000001d080cb2710 code [0x000001d080cb28c0, 0x000001d080cb2a28]
Event: 105.661 Thread 0x000001d0fa606b20 22823       2       com.android.tools.r8.internal.jp0::<init> (7 bytes)
Event: 105.661 Thread 0x000001d0fa606b20 nmethod 22823 0x000001d080cb2290 code [0x000001d080cb2440, 0x000001d080cb2560]
Event: 105.663 Thread 0x000001d0fa606b20 22824       2       com.google.common.base.CharMatcher$JavaLetter::matches (5 bytes)
Event: 105.664 Thread 0x000001d0fa606b20 nmethod 22824 0x000001d080cef410 code [0x000001d080cef5c0, 0x000001d080cef748]

GC Heap History (20 events):
Event: 97.059 GC heap before
{Heap before GC invocations=66 (full 0):
 garbage-first heap   total 322560K, used 259937K [0x0000000080000000, 0x0000000100000000)
  region size 1024K, 136 young (139264K), 21 survivors (21504K)
 Metaspace       used 190527K, committed 193024K, reserved 1245184K
  class space    used 25388K, committed 26624K, reserved 1048576K
}
Event: 97.078 GC heap after
{Heap after GC invocations=67 (full 0):
 garbage-first heap   total 322560K, used 147909K [0x0000000080000000, 0x0000000100000000)
  region size 1024K, 5 young (5120K), 5 survivors (5120K)
 Metaspace       used 190527K, committed 193024K, reserved 1245184K
  class space    used 25388K, committed 26624K, reserved 1048576K
}
Event: 97.634 GC heap before
{Heap before GC invocations=68 (full 0):
 garbage-first heap   total 322560K, used 295365K [0x0000000080000000, 0x0000000100000000)
  region size 1024K, 148 young (151552K), 5 survivors (5120K)
 Metaspace       used 190589K, committed 193088K, reserved 1245184K
  class space    used 25400K, committed 26624K, reserved 1048576K
}
Event: 97.639 GC heap after
{Heap after GC invocations=69 (full 0):
 garbage-first heap   total 322560K, used 151193K [0x0000000080000000, 0x0000000100000000)
  region size 1024K, 6 young (6144K), 6 survivors (6144K)
 Metaspace       used 190589K, committed 193088K, reserved 1245184K
  class space    used 25400K, committed 26624K, reserved 1048576K
}
Event: 98.700 GC heap before
{Heap before GC invocations=69 (full 0):
 garbage-first heap   total 322560K, used 301721K [0x0000000080000000, 0x0000000100000000)
  region size 1024K, 150 young (153600K), 6 survivors (6144K)
 Metaspace       used 191277K, committed 193792K, reserved 1245184K
  class space    used 25483K, committed 26688K, reserved 1048576K
}
Event: 98.709 GC heap after
{Heap after GC invocations=70 (full 0):
 garbage-first heap   total 322560K, used 148130K [0x0000000080000000, 0x0000000100000000)
  region size 1024K, 5 young (5120K), 5 survivors (5120K)
 Metaspace       used 191277K, committed 193792K, reserved 1245184K
  class space    used 25483K, committed 26688K, reserved 1048576K
}
Event: 99.310 GC heap before
{Heap before GC invocations=70 (full 0):
 garbage-first heap   total 322560K, used 300706K [0x0000000080000000, 0x0000000100000000)
  region size 1024K, 154 young (157696K), 5 survivors (5120K)
 Metaspace       used 191300K, committed 193856K, reserved 1245184K
  class space    used 25485K, committed 26688K, reserved 1048576K
}
Event: 99.315 GC heap after
{Heap after GC invocations=71 (full 0):
 garbage-first heap   total 322560K, used 145802K [0x0000000080000000, 0x0000000100000000)
  region size 1024K, 5 young (5120K), 5 survivors (5120K)
 Metaspace       used 191300K, committed 193856K, reserved 1245184K
  class space    used 25485K, committed 26688K, reserved 1048576K
}
Event: 101.770 GC heap before
{Heap before GC invocations=72 (full 0):
 garbage-first heap   total 322560K, used 303498K [0x0000000080000000, 0x0000000100000000)
  region size 1024K, 159 young (162816K), 5 survivors (5120K)
 Metaspace       used 192043K, committed 194560K, reserved 1245184K
  class space    used 25588K, committed 26816K, reserved 1048576K
}
Event: 101.779 GC heap after
{Heap after GC invocations=73 (full 0):
 garbage-first heap   total 322560K, used 147204K [0x0000000080000000, 0x0000000100000000)
  region size 1024K, 6 young (6144K), 6 survivors (6144K)
 Metaspace       used 192043K, committed 194560K, reserved 1245184K
  class space    used 25588K, committed 26816K, reserved 1048576K
}
Event: 102.218 GC heap before
{Heap before GC invocations=73 (full 0):
 garbage-first heap   total 322560K, used 303876K [0x0000000080000000, 0x0000000100000000)
  region size 1024K, 160 young (163840K), 6 survivors (6144K)
 Metaspace       used 192104K, committed 194624K, reserved 1245184K
  class space    used 25598K, committed 26816K, reserved 1048576K
}
Event: 102.228 GC heap after
{Heap after GC invocations=74 (full 0):
 garbage-first heap   total 322560K, used 145080K [0x0000000080000000, 0x0000000100000000)
  region size 1024K, 8 young (8192K), 8 survivors (8192K)
 Metaspace       used 192104K, committed 194624K, reserved 1245184K
  class space    used 25598K, committed 26816K, reserved 1048576K
}
Event: 102.501 GC heap before
{Heap before GC invocations=74 (full 0):
 garbage-first heap   total 322560K, used 243384K [0x0000000080000000, 0x0000000100000000)
  region size 1024K, 106 young (108544K), 8 survivors (8192K)
 Metaspace       used 192189K, committed 194688K, reserved 1245184K
  class space    used 25612K, committed 26816K, reserved 1048576K
}
Event: 102.509 GC heap after
{Heap after GC invocations=75 (full 0):
 garbage-first heap   total 322560K, used 145874K [0x0000000080000000, 0x0000000100000000)
  region size 1024K, 9 young (9216K), 9 survivors (9216K)
 Metaspace       used 192189K, committed 194688K, reserved 1245184K
  class space    used 25612K, committed 26816K, reserved 1048576K
}
Event: 103.524 GC heap before
{Heap before GC invocations=76 (full 0):
 garbage-first heap   total 322560K, used 319954K [0x0000000080000000, 0x0000000100000000)
  region size 1024K, 161 young (164864K), 9 survivors (9216K)
 Metaspace       used 195803K, committed 198400K, reserved 1245184K
  class space    used 26015K, committed 27264K, reserved 1048576K
}
Event: 103.536 GC heap after
{Heap after GC invocations=77 (full 0):
 garbage-first heap   total 335872K, used 164654K [0x0000000080000000, 0x0000000100000000)
  region size 1024K, 13 young (13312K), 13 survivors (13312K)
 Metaspace       used 195803K, committed 198400K, reserved 1245184K
  class space    used 26015K, committed 27264K, reserved 1048576K
}
Event: 104.737 GC heap before
{Heap before GC invocations=77 (full 0):
 garbage-first heap   total 335872K, used 333614K [0x0000000080000000, 0x0000000100000000)
  region size 1024K, 142 young (145408K), 13 survivors (13312K)
 Metaspace       used 200358K, committed 203008K, reserved 1245184K
  class space    used 26680K, committed 27968K, reserved 1048576K
}
Event: 104.814 GC heap after
{Heap after GC invocations=78 (full 0):
 garbage-first heap   total 380928K, used 207872K [0x0000000080000000, 0x0000000100000000)
  region size 1024K, 21 young (21504K), 21 survivors (21504K)
 Metaspace       used 200358K, committed 203008K, reserved 1245184K
  class space    used 26680K, committed 27968K, reserved 1048576K
}
Event: 104.993 GC heap before
{Heap before GC invocations=78 (full 0):
 garbage-first heap   total 380928K, used 217088K [0x0000000080000000, 0x0000000100000000)
  region size 1024K, 31 young (31744K), 21 survivors (21504K)
 Metaspace       used 200893K, committed 203456K, reserved 1245184K
  class space    used 26842K, committed 28096K, reserved 1048576K
}
Event: 105.018 GC heap after
{Heap after GC invocations=79 (full 0):
 garbage-first heap   total 380928K, used 213861K [0x0000000080000000, 0x0000000100000000)
  region size 1024K, 5 young (5120K), 5 survivors (5120K)
 Metaspace       used 200893K, committed 203456K, reserved 1245184K
  class space    used 26842K, committed 28096K, reserved 1048576K
}

Dll operation events (3 events):
Event: 0.011 Loaded shared library C:\Program Files\Android\Android Studio\jbr\bin\java.dll
Event: 0.016 Loaded shared library C:\Program Files\Android\Android Studio\jbr\bin\zip.dll
Event: 0.902 Loaded shared library C:\Program Files\Android\Android Studio\jbr\bin\verify.dll

Deoptimization events (20 events):
Event: 105.261 Thread 0x000001d0af3364b0 DEOPT PACKING pc=0x000001d080ace5d9 sp=0x000000add6afee90
Event: 105.261 Thread 0x000001d0af3364b0 DEOPT UNPACKING pc=0x000001d087584b42 sp=0x000000add6afe448 mode 0
Event: 105.262 Thread 0x000001d0af336b40 DEOPT PACKING pc=0x000001d080d22138 sp=0x000000add6ffebc0
Event: 105.262 Thread 0x000001d0af336b40 DEOPT UNPACKING pc=0x000001d087584b42 sp=0x000000add6ffe0e0 mode 0
Event: 105.273 Thread 0x000001d0af336b40 DEOPT PACKING pc=0x000001d080ace5d9 sp=0x000000add6ffeca0
Event: 105.273 Thread 0x000001d0af336b40 DEOPT UNPACKING pc=0x000001d087584b42 sp=0x000000add6ffe258 mode 0
Event: 105.329 Thread 0x000001d0af336b40 DEOPT PACKING pc=0x000001d080a87627 sp=0x000000add6ffe960
Event: 105.329 Thread 0x000001d0af336b40 DEOPT UNPACKING pc=0x000001d087584b42 sp=0x000000add6ffdf30 mode 0
Event: 105.373 Thread 0x000001d0af3364b0 Uncommon trap: trap_request=0xffffff45 fr.pc=0x000001d087f4aea0 relative=0x00000000000003e0
Event: 105.373 Thread 0x000001d0af3364b0 Uncommon trap: reason=unstable_if action=reinterpret pc=0x000001d087f4aea0 method=java.util.concurrent.ConcurrentLinkedQueue.offer(Ljava/lang/Object;)Z @ 96 c2
Event: 105.373 Thread 0x000001d0af3364b0 DEOPT PACKING pc=0x000001d087f4aea0 sp=0x000000add6aff070
Event: 105.373 Thread 0x000001d0af3364b0 DEOPT UNPACKING pc=0x000001d0875843a2 sp=0x000000add6afefb0 mode 2
Event: 105.394 Thread 0x000001d0af336b40 DEOPT PACKING pc=0x000001d0802461f6 sp=0x000000add6ffe9e0
Event: 105.394 Thread 0x000001d0af336b40 DEOPT UNPACKING pc=0x000001d087584b42 sp=0x000000add6ffdee8 mode 0
Event: 105.411 Thread 0x000001d0af33ace0 DEOPT PACKING pc=0x000001d081345bc4 sp=0x000000add71fe730
Event: 105.411 Thread 0x000001d0af33ace0 DEOPT UNPACKING pc=0x000001d087584b42 sp=0x000000add71fdc28 mode 0
Event: 105.481 Thread 0x000001d0af338580 DEOPT PACKING pc=0x000001d08022bc94 sp=0x000000add6cfe790
Event: 105.481 Thread 0x000001d0af338580 DEOPT UNPACKING pc=0x000001d087584b42 sp=0x000000add6cfdc88 mode 0
Event: 105.483 Thread 0x000001d0af339930 DEOPT PACKING pc=0x000001d08022bc94 sp=0x000000add6efe940
Event: 105.483 Thread 0x000001d0af339930 DEOPT UNPACKING pc=0x000001d087584b42 sp=0x000000add6efde38 mode 0

Classes loaded (20 events):
Event: 103.801 Loading class com/sun/org/apache/xerces/internal/dom/NamedNodeMapImpl done
Event: 103.806 Loading class com/sun/org/apache/xerces/internal/dom/AttributeMap done
Event: 103.840 Loading class com/sun/org/apache/xerces/internal/dom/CommentImpl
Event: 103.840 Loading class org/w3c/dom/Comment
Event: 103.840 Loading class org/w3c/dom/Comment done
Event: 103.840 Loading class com/sun/org/apache/xerces/internal/dom/CommentImpl done
Event: 104.398 Loading class com/sun/org/apache/xerces/internal/dom/AttrNSImpl
Event: 104.398 Loading class com/sun/org/apache/xerces/internal/dom/AttrNSImpl done
Event: 104.495 Loading class java/util/concurrent/ForkJoinTask$AdaptedInterruptibleCallable
Event: 104.495 Loading class java/util/concurrent/ForkJoinTask$InterruptibleTask
Event: 104.496 Loading class java/util/concurrent/ForkJoinTask$InterruptibleTask done
Event: 104.496 Loading class java/util/concurrent/ForkJoinTask$AdaptedInterruptibleCallable done
Event: 104.496 Loading class java/util/concurrent/ForkJoinTask$Aux
Event: 104.496 Loading class java/util/concurrent/ForkJoinTask$Aux done
Event: 104.497 Loading class java/util/concurrent/ForkJoinPool$DefaultForkJoinWorkerThreadFactory$1
Event: 104.497 Loading class java/util/concurrent/ForkJoinPool$DefaultForkJoinWorkerThreadFactory$1 done
Event: 104.499 Loading class java/util/concurrent/CountedCompleter
Event: 104.500 Loading class java/util/concurrent/CountedCompleter done
Event: 105.081 Loading class java/nio/HeapShortBuffer
Event: 105.082 Loading class java/nio/HeapShortBuffer done

Classes unloaded (0 events):
No events

Classes redefined (0 events):
No events

Internal exceptions (20 events):
Event: 105.191 Thread 0x000001d0af336b40 Exception <a 'sun/nio/fs/WindowsException'{0x00000000fed96b10}> (0x00000000fed96b10) 
thrown [s\src\hotspot\share\prims\jni.cpp, line 537]
Event: 105.200 Thread 0x000001d0af339930 Exception <a 'sun/nio/fs/WindowsException'{0x00000000feb61590}> (0x00000000feb61590) 
thrown [s\src\hotspot\share\prims\jni.cpp, line 537]
Event: 105.201 Thread 0x000001d0af339930 Exception <a 'sun/nio/fs/WindowsException'{0x00000000feb67020}> (0x00000000feb67020) 
thrown [s\src\hotspot\share\prims\jni.cpp, line 537]
Event: 105.202 Thread 0x000001d0af339930 Exception <a 'sun/nio/fs/WindowsException'{0x00000000fea870c0}> (0x00000000fea870c0) 
thrown [s\src\hotspot\share\prims\jni.cpp, line 537]
Event: 105.204 Thread 0x000001d0af339930 Exception <a 'sun/nio/fs/WindowsException'{0x00000000fea8ee90}> (0x00000000fea8ee90) 
thrown [s\src\hotspot\share\prims\jni.cpp, line 537]
Event: 105.206 Thread 0x000001d0af339930 Exception <a 'sun/nio/fs/WindowsException'{0x00000000fea97a60}> (0x00000000fea97a60) 
thrown [s\src\hotspot\share\prims\jni.cpp, line 537]
Event: 105.208 Thread 0x000001d0af339930 Exception <a 'sun/nio/fs/WindowsException'{0x00000000fea9fd28}> (0x00000000fea9fd28) 
thrown [s\src\hotspot\share\prims\jni.cpp, line 537]
Event: 105.209 Thread 0x000001d0af336b40 Exception <a 'sun/nio/fs/WindowsException'{0x00000000fea151b8}> (0x00000000fea151b8) 
thrown [s\src\hotspot\share\prims\jni.cpp, line 537]
Event: 105.221 Thread 0x000001d0af338580 Exception <a 'sun/nio/fs/WindowsException'{0x00000000fe9e9dc8}> (0x00000000fe9e9dc8) 
thrown [s\src\hotspot\share\prims\jni.cpp, line 537]
Event: 105.238 Thread 0x000001d0af3364b0 Exception <a 'sun/nio/fs/WindowsException'{0x00000000fe733cf0}> (0x00000000fe733cf0) 
thrown [s\src\hotspot\share\prims\jni.cpp, line 537]
Event: 105.334 Thread 0x000001d0af339930 Exception <a 'sun/nio/fs/WindowsException'{0x0000000093d21818}> (0x0000000093d21818) 
thrown [s\src\hotspot\share\prims\jni.cpp, line 537]
Event: 105.419 Thread 0x000001d0af3364b0 Exception <a 'sun/nio/fs/WindowsException'{0x0000000093016ae8}> (0x0000000093016ae8) 
thrown [s\src\hotspot\share\prims\jni.cpp, line 537]
Event: 105.450 Thread 0x000001d0af3364b0 Exception <a 'sun/nio/fs/WindowsException'{0x0000000092f18c80}> (0x0000000092f18c80) 
thrown [s\src\hotspot\share\prims\jni.cpp, line 537]
Event: 105.484 Thread 0x000001d0af336b40 Exception <a 'sun/nio/fs/WindowsException'{0x0000000092a9dc28}> (0x0000000092a9dc28) 
thrown [s\src\hotspot\share\prims\jni.cpp, line 537]
Event: 105.489 Thread 0x000001d0af336b40 Exception <a 'sun/nio/fs/WindowsException'{0x000000009292bb90}> (0x000000009292bb90) 
thrown [s\src\hotspot\share\prims\jni.cpp, line 537]
Event: 105.491 Thread 0x000001d0af336b40 Exception <a 'sun/nio/fs/WindowsException'{0x00000000929c9ad0}> (0x00000000929c9ad0) 
thrown [s\src\hotspot\share\prims\jni.cpp, line 537]
Event: 105.492 Thread 0x000001d0af336b40 Exception <a 'sun/nio/fs/WindowsException'{0x00000000929ce950}> (0x00000000929ce950) 
thrown [s\src\hotspot\share\prims\jni.cpp, line 537]
Event: 105.493 Thread 0x000001d0af336b40 Exception <a 'sun/nio/fs/WindowsException'{0x000000009282a030}> (0x000000009282a030) 
thrown [s\src\hotspot\share\prims\jni.cpp, line 537]
Event: 105.494 Thread 0x000001d0af336b40 Exception <a 'sun/nio/fs/WindowsException'{0x000000009282e6d8}> (0x000000009282e6d8) 
thrown [s\src\hotspot\share\prims\jni.cpp, line 537]
Event: 105.592 Thread 0x000001d0af333030 Exception <a 'sun/nio/fs/WindowsException'{0x00000000916cff70}> (0x00000000916cff70) 
thrown [s\src\hotspot\share\prims\jni.cpp, line 537]

ZGC Phase Switch (0 events):
No events

VM Operations (20 events):
Event: 103.805 Executing non-safepoint VM operation: HandshakeAllThreads (Deoptimize)
Event: 103.806 Executing non-safepoint VM operation: HandshakeAllThreads (Deoptimize) done
Event: 104.402 Executing non-safepoint VM operation: HandshakeAllThreads (Deoptimize)
Event: 104.403 Executing non-safepoint VM operation: HandshakeAllThreads (Deoptimize) done
Event: 104.490 Executing safepoint VM operation: ICBufferFull
Event: 104.491 Executing safepoint VM operation: ICBufferFull done
Event: 104.737 Executing safepoint VM operation: G1CollectForAllocation (G1 Evacuation Pause)
Event: 104.814 Executing safepoint VM operation: G1CollectForAllocation (G1 Evacuation Pause) done
Event: 104.992 Executing safepoint VM operation: G1TryInitiateConcMark (G1 Humongous Allocation)
Event: 105.018 Executing safepoint VM operation: G1TryInitiateConcMark (G1 Humongous Allocation) done
Event: 105.188 Executing non-safepoint VM operation: HandshakeAllThreads (Deoptimize)
Event: 105.188 Executing non-safepoint VM operation: HandshakeAllThreads (Deoptimize) done
Event: 105.294 Executing safepoint VM operation: G1PauseRemark
Event: 105.318 Executing safepoint VM operation: G1PauseRemark done
Event: 105.408 Executing non-safepoint VM operation: HandshakeAllThreads (Deoptimize)
Event: 105.482 Executing non-safepoint VM operation: HandshakeAllThreads (Deoptimize) done
Event: 105.482 Executing safepoint VM operation: G1PauseCleanup
Event: 105.483 Executing safepoint VM operation: G1PauseCleanup done
Event: 105.500 Executing non-safepoint VM operation: HandshakeAllThreads (Deoptimize)
Event: 105.536 Executing non-safepoint VM operation: HandshakeAllThreads (Deoptimize) done

Memory protections (0 events):
No events

Nmethod flushes (20 events):
Event: 105.314 Thread 0x000001d0fa4189f0 flushing  nmethod 0x000001d0819bfc90
Event: 105.314 Thread 0x000001d0fa4189f0 flushing  nmethod 0x000001d0819c0790
Event: 105.314 Thread 0x000001d0fa4189f0 flushing  nmethod 0x000001d0819c1510
Event: 105.314 Thread 0x000001d0fa4189f0 flushing  nmethod 0x000001d0819cef90
Event: 105.314 Thread 0x000001d0fa4189f0 flushing  nmethod 0x000001d0819e2790
Event: 105.314 Thread 0x000001d0fa4189f0 flushing  nmethod 0x000001d081a9ff90
Event: 105.314 Thread 0x000001d0fa4189f0 flushing  nmethod 0x000001d081aa8c10
Event: 105.314 Thread 0x000001d0fa4189f0 flushing  nmethod 0x000001d081aaa610
Event: 105.314 Thread 0x000001d0fa4189f0 flushing  nmethod 0x000001d081aaaf10
Event: 105.314 Thread 0x000001d0fa4189f0 flushing  nmethod 0x000001d081b14810
Event: 105.314 Thread 0x000001d0fa4189f0 flushing  nmethod 0x000001d081b15490
Event: 105.314 Thread 0x000001d0fa4189f0 flushing  nmethod 0x000001d081b17490
Event: 105.314 Thread 0x000001d0fa4189f0 flushing  nmethod 0x000001d081b1b290
Event: 105.314 Thread 0x000001d0fa4189f0 flushing osr nmethod 0x000001d081b1d790
Event: 105.314 Thread 0x000001d0fa4189f0 flushing  nmethod 0x000001d081bb4d10
Event: 105.314 Thread 0x000001d0fa4189f0 flushing  nmethod 0x000001d081bbc790
Event: 105.314 Thread 0x000001d0fa4189f0 flushing  nmethod 0x000001d081bbcb90
Event: 105.314 Thread 0x000001d0fa4189f0 flushing  nmethod 0x000001d081bbd310
Event: 105.314 Thread 0x000001d0fa4189f0 flushing  nmethod 0x000001d081bbd810
Event: 105.314 Thread 0x000001d0fa4189f0 flushing  nmethod 0x000001d082030e10

Events (20 events):
Event: 101.527 Thread 0x000001d0a887a8b0 Thread added: 0x000001d0a8a958f0
Event: 101.702 Thread 0x000001d0a887a8b0 Thread added: 0x000001d0a8a99400
Event: 101.703 Thread 0x000001d0a887a8b0 Thread added: 0x000001d0a8a98050
Event: 101.704 Thread 0x000001d0a887a8b0 Thread added: 0x000001d0a8a98d70
Event: 101.705 Thread 0x000001d0a887a8b0 Thread added: 0x000001d0a8a99a90
Event: 101.705 Thread 0x000001d0a887a8b0 Thread added: 0x000001d0a8a96ca0
Event: 102.604 Thread 0x000001d094cc1cc0 Thread exited: 0x000001d094cc1cc0
Event: 102.614 Thread 0x000001d0a887a8b0 Thread added: 0x000001d0a8a96610
Event: 102.750 Thread 0x000001d0a8a96610 Thread added: 0x000001d0a8aa1740
Event: 102.750 Thread 0x000001d0a8a96610 Thread added: 0x000001d0a8aa2460
Event: 102.841 Thread 0x000001d0a887c2f0 Thread added: 0x000001d0af338c10
Event: 103.853 Thread 0x000001d0fa606b20 Thread added: 0x000001d091f7fe40
Event: 104.497 Thread 0x000001d0a8aa1740 Thread added: 0x000001d0af3364b0
Event: 104.498 Thread 0x000001d0af3364b0 Thread added: 0x000001d0af333030
Event: 104.498 Thread 0x000001d0af333030 Thread added: 0x000001d0af338580
Event: 104.500 Thread 0x000001d0af338580 Thread added: 0x000001d0af3392a0
Event: 104.501 Thread 0x000001d0af3392a0 Thread added: 0x000001d0af339930
Event: 104.501 Thread 0x000001d0af339930 Thread added: 0x000001d0af336b40
Event: 104.502 Thread 0x000001d0af336b40 Thread added: 0x000001d0af3371d0
Event: 104.503 Thread 0x000001d0af3371d0 Thread added: 0x000001d0af33ace0


Dynamic libraries:
0x00007ff6f4db0000 - 0x00007ff6f4dba000 	C:\Program Files\Android\Android Studio\jbr\bin\java.exe
0x00007ff860280000 - 0x00007ff8604e7000 	C:\WINDOWS\SYSTEM32\ntdll.dll
0x00007ff85e3f0000 - 0x00007ff85e4b9000 	C:\WINDOWS\System32\KERNEL32.DLL
0x00007ff85cdd0000 - 0x00007ff85d1c4000 	C:\WINDOWS\System32\KERNELBASE.dll
0x00007ff85d1d0000 - 0x00007ff85d31b000 	C:\WINDOWS\System32\ucrtbase.dll
0x00007ff83c880000 - 0x00007ff83c898000 	C:\Program Files\Android\Android Studio\jbr\bin\jli.dll
0x00007ff856ae0000 - 0x00007ff856afb000 	C:\Program Files\Android\Android Studio\jbr\bin\VCRUNTIME140.dll
0x00007ff85ffb0000 - 0x00007ff860175000 	C:\WINDOWS\System32\USER32.dll
0x00007ff85d320000 - 0x00007ff85d347000 	C:\WINDOWS\System32\win32u.dll
0x00007ff83f350000 - 0x00007ff83f5e3000 	C:\WINDOWS\WinSxS\amd64_microsoft.windows.common-controls_6595b64144ccf1df_6.0.26100.8115_none_3e075c82e3354f9c\COMCTL32.dll
0x00007ff860180000 - 0x00007ff8601ab000 	C:\WINDOWS\System32\GDI32.dll
0x00007ff85e4c0000 - 0x00007ff85e569000 	C:\WINDOWS\System32\msvcrt.dll
0x00007ff85cca0000 - 0x00007ff85cdcb000 	C:\WINDOWS\System32\gdi32full.dll
0x00007ff85d6f0000 - 0x00007ff85d793000 	C:\WINDOWS\System32\msvcp_win.dll
0x00007ff85fea0000 - 0x00007ff85fed2000 	C:\WINDOWS\System32\IMM32.DLL
0x00007ff856a90000 - 0x00007ff856a9c000 	C:\Program Files\Android\Android Studio\jbr\bin\vcruntime140_1.dll
0x00007fffedc00000 - 0x00007fffedc8d000 	C:\Program Files\Android\Android Studio\jbr\bin\msvcp140.dll
0x00007fffd1cc0000 - 0x00007fffd2956000 	C:\Program Files\Android\Android Studio\jbr\bin\server\jvm.dll
0x00007ff85e2b0000 - 0x00007ff85e366000 	C:\WINDOWS\System32\ADVAPI32.dll
0x00007ff85e1c0000 - 0x00007ff85e267000 	C:\WINDOWS\System32\sechost.dll
0x00007ff85e0a0000 - 0x00007ff85e1b8000 	C:\WINDOWS\System32\RPCRT4.dll
0x00007ff85e010000 - 0x00007ff85e090000 	C:\WINDOWS\System32\WS2_32.dll
0x00007ff85c9b0000 - 0x00007ff85ca0e000 	C:\WINDOWS\SYSTEM32\POWRPROF.dll
0x00007ff847410000 - 0x00007ff847446000 	C:\WINDOWS\SYSTEM32\WINMM.dll
0x00007ff854df0000 - 0x00007ff854dfb000 	C:\WINDOWS\SYSTEM32\VERSION.dll
0x00007ff85c990000 - 0x00007ff85c9a4000 	C:\WINDOWS\SYSTEM32\UMPDC.dll
0x00007ff85b8b0000 - 0x00007ff85b8cb000 	C:\WINDOWS\SYSTEM32\kernel.appcore.dll
0x00007ff856a50000 - 0x00007ff856a5a000 	C:\Program Files\Android\Android Studio\jbr\bin\jimage.dll
0x00007ff85acf0000 - 0x00007ff85af32000 	C:\WINDOWS\SYSTEM32\DBGHELP.DLL
0x00007ff85f230000 - 0x00007ff85f5b2000 	C:\WINDOWS\System32\combase.dll
0x00007ff85e840000 - 0x00007ff85e918000 	C:\WINDOWS\System32\OLEAUT32.dll
0x00007ff844820000 - 0x00007ff84485b000 	C:\WINDOWS\SYSTEM32\dbgcore.DLL
0x00007ff85d640000 - 0x00007ff85d6e5000 	C:\WINDOWS\System32\bcryptPrimitives.dll
0x00007ff848a30000 - 0x00007ff848a3e000 	C:\Program Files\Android\Android Studio\jbr\bin\instrument.dll
0x00007ff850b00000 - 0x00007ff850b20000 	C:\Program Files\Android\Android Studio\jbr\bin\java.dll
0x00007ff848a70000 - 0x00007ff848a88000 	C:\Program Files\Android\Android Studio\jbr\bin\zip.dll
0x00007ff85f5c0000 - 0x00007ff85fd27000 	C:\WINDOWS\System32\SHELL32.dll
0x00007ff85d4d0000 - 0x00007ff85d63a000 	C:\WINDOWS\System32\wintypes.dll
0x00007ff85d7a0000 - 0x00007ff85e008000 	C:\WINDOWS\System32\windows.storage.dll
0x00007ff85fda0000 - 0x00007ff85fe98000 	C:\WINDOWS\System32\SHCORE.dll
0x00007ff85fd30000 - 0x00007ff85fd96000 	C:\WINDOWS\System32\shlwapi.dll
0x00007ff85ca70000 - 0x00007ff85ca99000 	C:\WINDOWS\SYSTEM32\profapi.dll
0x00007ff856a30000 - 0x00007ff856a40000 	C:\Program Files\Android\Android Studio\jbr\bin\net.dll
0x00007ff850c40000 - 0x00007ff850d6d000 	C:\WINDOWS\SYSTEM32\WINHTTP.dll
0x00007ff85be50000 - 0x00007ff85bebc000 	C:\WINDOWS\system32\mswsock.dll
0x00007ff8489c0000 - 0x00007ff8489d6000 	C:\Program Files\Android\Android Studio\jbr\bin\nio.dll
0x00007ff848590000 - 0x00007ff8485a0000 	C:\Program Files\Android\Android Studio\jbr\bin\verify.dll
0x00007ff848830000 - 0x00007ff848857000 	C:\Users\HP\.gradle\native\660c5614fbf4a5f2a75b1949f50a0caf5cd603558e7d8a26e50b933a0cfb79d1\windows-amd64\native-platform.dll
0x00007ffff0490000 - 0x00007ffff0507000 	C:\Users\HP\.gradle\native\0.2.8\x86_64-windows-gnu\gradle-fileevents.dll
0x00007ff84d530000 - 0x00007ff84d539000 	C:\Program Files\Android\Android Studio\jbr\bin\management.dll
0x00007ff848a60000 - 0x00007ff848a6b000 	C:\Program Files\Android\Android Studio\jbr\bin\management_ext.dll
0x00007ff85e290000 - 0x00007ff85e298000 	C:\WINDOWS\System32\PSAPI.DLL
0x00007ff85b2d0000 - 0x00007ff85b302000 	C:\WINDOWS\SYSTEM32\IPHLPAPI.DLL
0x00007ff85e2a0000 - 0x00007ff85e2aa000 	C:\WINDOWS\System32\NSI.dll
0x00007ff856960000 - 0x00007ff856969000 	C:\Program Files\Android\Android Studio\jbr\bin\extnet.dll
0x00007ff85c130000 - 0x00007ff85c14b000 	C:\WINDOWS\SYSTEM32\CRYPTSP.dll
0x00007ff85b810000 - 0x00007ff85b849000 	C:\WINDOWS\system32\rsaenh.dll
0x00007ff85bf00000 - 0x00007ff85bf33000 	C:\WINDOWS\SYSTEM32\USERENV.dll
0x00007ff85ca40000 - 0x00007ff85ca6a000 	C:\WINDOWS\SYSTEM32\bcrypt.dll
0x00007ff85c150000 - 0x00007ff85c15c000 	C:\WINDOWS\SYSTEM32\CRYPTBASE.dll
0x00007ffff86e0000 - 0x00007ffff86e8000 	C:\WINDOWS\system32\wshunix.dll
0x00007ff85b370000 - 0x00007ff85b4a2000 	C:\WINDOWS\SYSTEM32\DNSAPI.dll
0x00007ff84b910000 - 0x00007ff84b91b000 	C:\Windows\System32\rasadhlp.dll
0x00007ff850210000 - 0x00007ff850296000 	C:\WINDOWS\System32\fwpuclnt.dll
0x00007ffffefc0000 - 0x00007fffff001000 	C:\Users\HP\AppData\Local\Temp\jna-2312\jna9563978717751214735.dll

JVMTI agents:
C:\Users\HP\.gradle\wrapper\dists\gradle-9.3.1-bin\23ovyewtku6u96viwx3xl3oks\gradle-9.3.1\lib\agents\gradle-instrumentation-agent-9.3.1.jar path:C:\Program Files\Android\Android Studio\jbr\bin\instrument.dll, loaded, initialized, instrumentlib options:none

dbghelp: loaded successfully - version: 4.0.5 - missing functions: none
symbol engine: initialized successfully - sym options: 0x614 - pdb path: .;C:\Program Files\Android\Android Studio\jbr\bin;C:\WINDOWS\SYSTEM32;C:\WINDOWS\WinSxS\amd64_microsoft.windows.common-controls_6595b64144ccf1df_6.0.26100.8115_none_3e075c82e3354f9c;C:\Program Files\Android\Android Studio\jbr\bin\server;C:\Users\HP\.gradle\native\660c5614fbf4a5f2a75b1949f50a0caf5cd603558e7d8a26e50b933a0cfb79d1\windows-amd64;C:\Users\HP\.gradle\native\0.2.8\x86_64-windows-gnu;C:\Users\HP\AppData\Local\Temp\jna-2312

VM Arguments:
jvm_args: --add-opens=java.base/java.lang=ALL-UNNAMED --add-opens=java.base/java.lang.invoke=ALL-UNNAMED --add-opens=java.base/java.util=ALL-UNNAMED --add-opens=java.prefs/java.util.prefs=ALL-UNNAMED --add-exports=jdk.compiler/com.sun.tools.javac.api=ALL-UNNAMED --add-exports=jdk.compiler/com.sun.tools.javac.util=ALL-UNNAMED --add-opens=java.base/java.util=ALL-UNNAMED --add-opens=java.prefs/java.util.prefs=ALL-UNNAMED --add-opens=java.base/java.nio.charset=ALL-UNNAMED --add-opens=java.base/java.net=ALL-UNNAMED --add-opens=java.base/java.util.concurrent=ALL-UNNAMED --add-opens=java.base/java.util.concurrent.atomic=ALL-UNNAMED --add-opens=java.xml/javax.xml.namespace=ALL-UNNAMED --add-opens=java.base/java.time=ALL-UNNAMED -Xmx2048m -Dfile.encoding=UTF-8 -Duser.country=FR -Duser.language=fr -Duser.variant -javaagent:C:\Users\HP\.gradle\wrapper\dists\gradle-9.3.1-bin\23ovyewtku6u96viwx3xl3oks\gradle-9.3.1\lib\agents\gradle-instrumentation-agent-9.3.1.jar 
java_command: org.gradle.launcher.daemon.bootstrap.GradleDaemon 9.3.1
java_class_path (initial): C:\Users\HP\.gradle\wrapper\dists\gradle-9.3.1-bin\23ovyewtku6u96viwx3xl3oks\gradle-9.3.1\lib\gradle-daemon-main-9.3.1.jar
Launcher Type: SUN_STANDARD

[Global flags]
     intx CICompilerCount                          = 4                                         {product} {ergonomic}
     uint ConcGCThreads                            = 2                                         {product} {ergonomic}
     uint G1ConcRefinementThreads                  = 8                                         {product} {ergonomic}
   size_t G1HeapRegionSize                         = 1048576                                   {product} {ergonomic}
    uintx GCDrainStackTargetSize                   = 64                                        {product} {ergonomic}
   size_t InitialHeapSize                          = 132120576                                 {product} {ergonomic}
   size_t MarkStackSize                            = 4194304                                   {product} {ergonomic}
   size_t MaxHeapSize                              = 2147483648                                {product} {command line}
   size_t MaxNewSize                               = 1287651328                                {product} {ergonomic}
   size_t MinHeapDeltaBytes                        = 1048576                                   {product} {ergonomic}
   size_t MinHeapSize                              = 8388608                                   {product} {ergonomic}
    uintx NonNMethodCodeHeapSize                   = 5839372                                {pd product} {ergonomic}
    uintx NonProfiledCodeHeapSize                  = 122909434                              {pd product} {ergonomic}
    uintx ProfiledCodeHeapSize                     = 122909434                              {pd product} {ergonomic}
    uintx ReservedCodeCacheSize                    = 251658240                              {pd product} {ergonomic}
     bool SegmentedCodeCache                       = true                                      {product} {ergonomic}
   size_t SoftMaxHeapSize                          = 2147483648                             {manageable} {ergonomic}
     bool UseCompressedOops                        = true                           {product lp64_product} {ergonomic}
     bool UseG1GC                                  = true                                      {product} {ergonomic}
     bool UseLargePagesIndividualAllocation        = false                                  {pd product} {ergonomic}

Logging:
Log output configuration:
 #0: stdout all=warning uptime,level,tags foldmultilines=false
 #1: stderr all=off uptime,level,tags foldmultilines=false

Release file:
JAVA_VERSION="21.0.10" 
MODULES="java.base java.compiler java.datatransfer java.xml java.prefs java.desktop java.instrument java.logging java.management java.security.sasl java.naming java.rmi java.management.rmi java.net.http java.scripting java.security.jgss java.transaction.xa java.sql java.sql.rowset java.xml.crypto java.se java.smartcardio jdk.accessibility jdk.internal.jvmstat jdk.attach jdk.charsets jdk.internal.opt jdk.zipfs jdk.compiler jdk.crypto.ec jdk.crypto.cryptoki jdk.dynalink jdk.hotspot.agent jdk.httpserver jdk.internal.ed jdk.internal.le jdk.internal.vm.ci jdk.jartool jdk.javadoc jdk.jcmd jdk.jdeps jdk.jdwp.agent jdk.jdi jdk.jfr jdk.jlink jdk.jsobject jdk.localedata jdk.management jdk.management.agent jdk.management.jfr jdk.naming.dns jdk.naming.rmi jdk.net jdk.sctp jdk.security.auth jdk.security.jgss jdk.unsupported jdk.unsupported.desktop jdk.xml.dom" 
IMPLEMENTOR="JetBrains s.r.o." 
JAVA_RUNTIME_VERSION="21.0.10+-14961533-b1163.108" 
LIBC="default" 
OS_ARCH="x86_64" 
OS_NAME="Windows" 
SOURCE=".:git:1351622c2ff2" 

Environment Variables:
PATH=C:\Program Files\Common Files\Oracle\Java\javapath;C:\Program Files (x86)\Common Files\Oracle\Java\javapath;C:\WINDOWS\system32;C:\WINDOWS;C:\WINDOWS\System32\Wbem;C:\WINDOWS\System32\WindowsPowerShell\v1.0\;C:\WINDOWS\System32\OpenSSH\;C:\Program Files (x86)\Intel\Intel(R) Management Engine Components\DAL;C:\Program Files\Intel\Intel(R) Management Engine Components\DAL;C:\Program Files\mingw-w64\i686-8.1.0-release-win32-dwarf-rt_v6-rev0\mingw32\bin;C:\Users\HP\AppData\Local\Programs\Python\Python312;C:\Program Files\dotnet\;C:\Program Files\nodejs\;C:\Users\HP\.config\herd\bin\nvm;C:\Program Files\nodejs;C:\Program Files\Git\cmd;C:\xampp\php;C:\ProgramData\ComposerSetup\bin;C:\Program Files\Docker\Docker\resources\bin;C:\Program Files\PostgreSQL\18\bin;C:\Program Files\Kubernetes\Minikube;C:\Program Files\MySQL\MySQL Shell 8.0\bin\;C:\Users\HP\AppData\Local\Programs\Python\Python312\Scripts\;C:\Users\HP\AppData\Local\Programs\Python\Python312\;C:\Users\HP\AppData\Local\Programs\Python\Launcher\;C:\Users\HP\AppData\Local\Microsoft\WindowsApps;C:\Users\HP\AppData\Local\Programs\Microsoft VS Code\bin;C:\Users\HP\.dotnet\tools;C:\Program Files\JetBrains\IntelliJ IDEA 2025.2.2\bin;C:\Users\HP\AppData\Roaming\npm;C:\Users\HP\AppData\Roaming\Composer\vendor\bin;C:\Users\HP\AppData\Local\Programs\Antigravity\bin
USERNAME=HP
OS=Windows_NT
PROCESSOR_IDENTIFIER=Intel64 Family 6 Model 142 Stepping 11, GenuineIntel
TMP=C:\Users\HP\AppData\Local\Temp
TEMP=C:\Users\HP\AppData\Local\Temp




Periodic native trim disabled

JNI global refs:
JNI global refs: 33, weak refs: 106

JNI global refs memory usage: 835, weak refs: 1465

Process memory usage:
Resident Set Size: 899552K (10% of 8223016K total physical memory with 802768K free physical memory)

OOME stack traces (most recent first):
Classloader memory used:
Loader org.gradle.internal.classloader.VisitableURLClassLoader                         : 107M
Loader org.gradle.internal.classloader.VisitableURLClassLoader$InstrumentingVisitableURLClassLoader: 40009K
Loader bootstrap                                                                       : 37228K
Loader org.gradle.initialization.MixInLegacyTypesClassLoader                           : 13068K
Loader jdk.internal.loader.ClassLoaders$PlatformClassLoader                            : 566K
Loader jdk.internal.reflect.DelegatingClassLoader                                      : 397K
Loader jdk.internal.jrtfs.JrtFileSystemProvider$JrtFsLoader                            : 341K
Loader jdk.internal.loader.ClassLoaders$AppClassLoader                                 : 232K
Loader org.gradle.internal.classloader.VisitableURLClassLoader                         : 160K
Loader org.gradle.groovy.scripts.internal.DefaultScriptCompilationHandler$ScriptClassLoader: 126K


[error occurred during error reporting (Classloader stats), id 0xe0000001, Out of Memory Error (s\src\hotspot\share\memory\arena.cpp:168)]
---------------  S Y S T E M  ---------------

OS:
 Windows 11 , 64 bit Build 26100 (10.0.26100.8246)
OS uptime: 0 days 22:35 hours
Hyper-V role detected

CPU: total 8 (initial active 8) (4 cores per cpu, 2 threads per core) family 6 model 142 stepping 11 microcode 0xf4, cx8, cmov, fxsr, ht, mmx, 3dnowpref, sse, sse2, sse3, ssse3, sse4.1, sse4.2, popcnt, lzcnt, tsc, tscinvbit, avx, avx2, aes, erms, clmul, bmi1, bmi2, adx, fma, vzeroupper, clflush, clflushopt, hv, rdtscp, f16c
Processor Information for the first 8 processors :
  Max Mhz: 1800, Current Mhz: 1600, Mhz Limit: 1584

Memory: 4k page, system-wide physical 8030M (784M free)
TotalPageFile size 18415M (AvailPageFile size 5M)
current process WorkingSet (physical memory assigned to process): 881M, peak: 881M
current process commit charge ("private bytes"): 914M, peak: 914M

vm_info: OpenJDK 64-Bit Server VM (21.0.10+-14961533-b1163.108) for windows-amd64 JRE (21.0.10+-14961533-b1163.108), built on 2026-03-02T19:58:50Z by "builder" with MS VC++ 16.10 / 16.11 (VS2019)

END.
